run_id,experiment_id,status,artifact_uri,start_time,end_time,test_accuracy_div,metrics.lr-Adam,test_accuracy_sub,metrics.val_accuracy_level_2,metrics.val_accuracy_level_4,test_accuracy_grp,metrics.train_loss_epoch,test_f1_macro_grp,metrics.val_accuracy_level_0,test_f1_macro_sec,test_accuracy_sec,metrics.train_loss_step,metrics.train_accuracy_level_1,test_f1_macro_div,min_val_loss,metrics.train_accuracy_level_0,test_accuracy_cls,test_f1_macro_sub,metrics.val_accuracy_level_3,metrics.train_accuracy_level_2,metrics.train_accuracy_level_3,metrics.train_accuracy_level_4,num_params,metrics.epoch,train_time_s,test_f1_macro_cls,metrics.val_accuracy_level_1,params.patience_early_stopping,emb_dim,params.scheduler,params.n_train,params.n_layers,params.train_fraction,params.n_val,params.optimizer,lr,params.scheduler_interval,params.num_epochs,params.optimizer_params/lr,params.n_test,n_heads_label_attn,vocab_size,params.batch_size,tags.mlflow.source.type,tags.mlflow.source.git.commit,tags.mlflow.source.name,tags.mlflow.runName,tags.mlflow.user,architecture
bcf50b8548244cbf91a484921a81efd6,16,FINISHED,mlflow-artifacts:/16/bcf50b8548244cbf91a484921a81efd6/artifacts,2026-07-25 11:22:27.685000+00:00,2026-07-27 01:31:35.887000+00:00,0.915,0.0005,0.8686,0.8886799812316895,0.8682799935340881,0.8893,0.27220702171325684,0.6897,0.9327999949455261,0.882,0.9326,0.31596577167510986,0.9255064725875854,0.7943,0.4167277216911316,0.9377321600914001,0.8763,0.6107,0.8764399886131287,0.912753164768219,0.9098690152168274,0.8991187810897827,8646661,15.0,137289.4,0.6292,0.9151999950408936,5,512,None,1258579,0,1.0,25000,<class 'torch.optim.adam.Adam'>,0.0005,epoch,300,0.0005,25000,4,5000,128,LOCAL,219300177caae6697e2deffda4a086e2e537cebe,/home/onyxia/work/insee_internship/src/multilevel/train.py,thoughtful-gull-976,projet-text-classif,FastText + Label Attention
92741555270e43e1b5cba8df07d4d0c6,16,FINISHED,mlflow-artifacts:/16/92741555270e43e1b5cba8df07d4d0c6/artifacts,2026-07-22 10:11:05.416000+00:00,2026-07-23 09:58:30.460000+00:00,0.9129,0.0005,0.865,0.8862400054931641,0.8648999929428101,0.8879,0.2885304093360901,0.6704,0.9309800267219543,0.87,0.9289,0.49019932746887207,0.9247438311576843,0.8017,0.41790837049484253,0.9370939135551453,0.8764,0.5992,0.873520016670227,0.9097841382026672,0.9053930044174194,0.894581139087677,11206661,9.0,85526.2,0.6242,0.9130600094795227,5,512,None,1208579,0,1.0,50000,<class 'torch.optim.adam.Adam'>,0.0005,epoch,300,0.0005,50000,4,10000,128,LOCAL,47aac8de0199ae6ef04df6f26cc4189809b0ab9e,/home/onyxia/work/insee_internship/src/multilevel/train.py,serious-mole-825,projet-text-classif,FastText + Label Attention
7dbad418319c4289886c7ee7c958498e,16,FINISHED,mlflow-artifacts:/16/7dbad418319c4289886c7ee7c958498e/artifacts,2026-07-23 09:59:24.914000+00:00,2026-07-24 07:15:59.473000+00:00,0.9108,0.001,0.866,0.8874800205230713,0.8622999787330627,0.8859,0.28563088178634644,0.6682,0.9303799867630005,0.873,0.9285,0.35089820623397827,0.9223493337631226,0.7932,0.4208466410636902,0.9374008774757385,0.8759,0.5913,0.8738200068473816,0.9076146483421326,0.9065679907798767,0.8967978358268738,11206661,8.0,76478.0,0.6307,0.9133800268173218,5,512,None,1208579,0,1.0,50000,<class 'torch.optim.adam.Adam'>,0.001,epoch,300,0.001,50000,4,10000,128,LOCAL,47aac8de0199ae6ef04df6f26cc4189809b0ab9e,/home/onyxia/work/insee_internship/src/multilevel/train.py,illustrious-jay-195,projet-text-classif,FastText + Label Attention
372f48c8328b4212ba719cf37d6125d1,16,FINISHED,mlflow-artifacts:/16/372f48c8328b4212ba719cf37d6125d1/artifacts,2026-07-24 18:00:53.292000+00:00,2026-07-25 04:51:24.539000+00:00,0.9149,0.0005,0.8675,0.8909599781036377,0.866599977016449,0.8891,0.28659525513648987,0.7016,0.9316400289535522,0.8749,0.9311,0.3058091998100281,0.925172746181488,0.7834,0.4222845733165741,0.9353795051574707,0.8762,0.5989,0.8755199909210205,0.9088901281356812,0.9077419638633728,0.899157702922821,6852613,12.0,39005.2,0.6005,0.9132400155067444,5,256,None,1258579,0,1.0,25000,<class 'torch.optim.adam.Adam'>,0.0005,epoch,300,0.0005,25000,4,20000,128,LOCAL,219300177caae6697e2deffda4a086e2e537cebe,/home/onyxia/work/insee_internship/src/multilevel/train.py,caring-panda-804,projet-text-classif,FastText + Label Attention
ec0dd42b35ff455e8f393b93dec361ac,16,FINISHED,mlflow-artifacts:/16/ec0dd42b35ff455e8f393b93dec361ac/artifacts,2026-07-25 11:22:20.665000+00:00,2026-07-25 18:18:27.091000+00:00,0.9151,0.001,0.8681,0.8870000243186951,0.8671200275421143,0.8878,0.299532026052475,0.672,0.9301599860191345,0.8756,0.9293,0.25026124715805054,0.9213438034057617,0.7891,0.4229038953781128,0.9332564473152161,0.88,0.593,0.8781999945640564,0.9048919677734375,0.904272198677063,0.8973723649978638,1818629,16.0,24950.6,0.6299,0.9140400290489197,5,128,None,1258579,0,1.0,25000,<class 'torch.optim.adam.Adam'>,0.001,epoch,300,0.001,25000,4,10000,128,LOCAL,219300177caae6697e2deffda4a086e2e537cebe,/home/onyxia/work/insee_internship/src/multilevel/train.py,bemused-grub-741,projet-text-classif,FastText + Label Attention
ace29eb14b774f6195a3c47a0f700840,16,FINISHED,mlflow-artifacts:/16/ace29eb14b774f6195a3c47a0f700840/artifacts,2026-07-25 11:22:21.379000+00:00,2026-07-26 21:22:34.043000+00:00,0.9166,0.001,0.8669,0.8898800015449524,0.8670799732208252,0.8881,0.28304505348205566,0.695,0.9329599738121033,0.8807,0.9318,0.25191736221313477,0.925448477268219,0.8197,0.4238016903400421,0.9363766312599182,0.8798,0.608,0.8772000074386597,0.9117496609687805,0.9057008028030396,0.8948679566383362,8646661,12.0,122350.7,0.627,0.9161999821662903,5,512,None,1258579,0,1.0,25000,<class 'torch.optim.adam.Adam'>,0.001,epoch,300,0.001,25000,4,5000,128,LOCAL,219300177caae6697e2deffda4a086e2e537cebe,/home/onyxia/work/insee_internship/src/multilevel/train.py,legendary-shrew-227,projet-text-classif,FastText + Label Attention
edd4138cb9614f73854a334fb55326be,16,FINISHED,mlflow-artifacts:/16/edd4138cb9614f73854a334fb55326be/artifacts,2026-07-24 22:30:08.772000+00:00,2026-07-25 10:35:23.430000+00:00,0.9139,0.001,0.8677,0.8884000182151794,0.8622199892997742,0.8909,0.29251551628112793,0.6936,0.9305800199508667,0.8799,0.9316,0.3341439366340637,0.9236020445823669,0.7963,0.4246514141559601,0.9341623783111572,0.8796,0.6055,0.8777400255203247,0.9076146483421326,0.9046028256416321,0.8968623280525208,3012613,14.0,43467.5,0.6362,0.9131399989128113,5,256,None,1208579,0,1.0,50000,<class 'torch.optim.adam.Adam'>,0.001,epoch,300,0.001,50000,4,5000,128,LOCAL,47aac8de0199ae6ef04df6f26cc4189809b0ab9e,/home/onyxia/work/insee_internship/src/multilevel/train.py,enthused-crab-847,projet-text-classif,FastText + Label Attention
3fd142a8229d4e9fb27b187e0aa3481b,16,FINISHED,mlflow-artifacts:/16/3fd142a8229d4e9fb27b187e0aa3481b/artifacts,2026-07-22 19:51:00.682000+00:00,2026-07-22 22:15:36.501000+00:00,0.9114,0.0005,0.8686,0.8872399926185608,0.8646399974822998,0.8898,0.30556997656822205,0.6965,0.9214800000190735,0.8711,0.9239,0.2713223397731781,0.9240695238113403,0.8004,0.4257548451423645,0.9300252795219421,0.8798,0.6217,0.8762199878692627,0.9111741781234741,0.9073498845100403,0.8975714445114136,2982251,15.0,8658.2,0.65,0.9093599915504456,5,256,None,1208579,0,1.0,50000,<class 'torch.optim.adam.Adam'>,0.0005,epoch,300,0.0005,50000,None,10000,128,LOCAL,47aac8de0199ae6ef04df6f26cc4189809b0ab9e,/home/onyxia/work/insee_internship/src/multilevel/train.py,sneaky-ape-997,projet-text-classif,FastText
847879c848324e8194423468d7b444d4,16,FINISHED,mlflow-artifacts:/16/847879c848324e8194423468d7b444d4/artifacts,2026-07-23 21:02:08.684000+00:00,2026-07-24 10:31:36.627000+00:00,0.9104,0.001,0.8692,0.8832600116729736,0.8628399968147278,0.8863,0.33854639530181885,0.6703,0.9223600029945374,0.8648,0.9264,0.4752030372619629,0.9140097498893738,0.7806,0.42682239413261414,0.9263432621955872,0.8767,0.5983,0.8735600113868713,0.8959794640541077,0.8921775221824646,0.884249210357666,794629,33.0,48540.6,0.6202,0.909060001373291,5,128,None,1208579,0,1.0,50000,<class 'torch.optim.adam.Adam'>,0.001,epoch,300,0.001,50000,4,2000,128,LOCAL,47aac8de0199ae6ef04df6f26cc4189809b0ab9e,/home/onyxia/work/insee_internship/src/multilevel/train.py,carefree-cod-286,projet-text-classif,FastText + Label Attention
da2cc496cdd144e49fd508594bd4dda4,16,FINISHED,mlflow-artifacts:/16/da2cc496cdd144e49fd508594bd4dda4/artifacts,2026-07-22 20:55:18.373000+00:00,2026-07-22 23:17:40.566000+00:00,0.9092,0.0005,0.867,0.8866999745368958,0.864579975605011,0.8891,0.3134789764881134,0.6881,0.9193400144577026,0.8592,0.9203,0.4556810259819031,0.9220895171165466,0.8075,0.4270678758621216,0.9268016219139099,0.8785,0.616,0.8758599758148193,0.9099711179733276,0.9055113196372986,0.895485520362854,1491947,21.0,8530.4,0.6437,0.9076600074768066,5,128,None,1208579,0,1.0,50000,<class 'torch.optim.adam.Adam'>,0.0005,epoch,300,0.0005,50000,None,10000,128,LOCAL,47aac8de0199ae6ef04df6f26cc4189809b0ab9e,/home/onyxia/work/insee_internship/src/multilevel/train.py,exultant-stork-119,projet-text-classif,FastText
2db0b35bf7444d1a9d9c10fb6be0edd8,16,FINISHED,mlflow-artifacts:/16/2db0b35bf7444d1a9d9c10fb6be0edd8/artifacts,2026-07-22 15:25:13.387000+00:00,2026-07-22 18:10:31.813000+00:00,0.9106,0.0005,0.8689,0.8862000107765198,0.8631399869918823,0.8904,0.3203253746032715,0.6993,0.9211400151252747,0.8646,0.9223,0.22071899473667145,0.9197487235069275,0.805,0.42786362767219543,0.9262687563896179,0.8801,0.6322,0.8751800060272217,0.9065423011779785,0.9026931524276733,0.892841100692749,1702251,17.0,9900.4,0.6547,0.9074199795722961,5,256,None,1208579,0,1.0,50000,<class 'torch.optim.adam.Adam'>,0.0005,epoch,300,0.0005,50000,None,5000,128,LOCAL,47aac8de0199ae6ef04df6f26cc4189809b0ab9e,/home/onyxia/work/insee_internship/src/multilevel/train.py,amusing-snake-262,projet-text-classif,FastText
e41b2cb0544d4e539705d842b63f04dc,16,FINISHED,mlflow-artifacts:/16/e41b2cb0544d4e539705d842b63f04dc/artifacts,2026-07-22 23:32:00.012000+00:00,2026-07-23 02:40:32.591000+00:00,0.9118,0.0005,0.8695,0.8875399827957153,0.8640599846839905,0.8912,0.3020123839378357,0.6875,0.9250800013542175,0.8731,0.9259,0.391624391078949,0.9249019026756287,0.8141,0.42796069383621216,0.9325703978538513,0.8806,0.6315,0.8761199712753296,0.9116127490997314,0.9077817797660828,0.89817875623703,5962859,11.0,11282.9,0.6538,0.9103400111198425,5,512,None,1208579,0,1.0,50000,<class 'torch.optim.adam.Adam'>,0.0005,epoch,300,0.0005,50000,None,10000,128,LOCAL,47aac8de0199ae6ef04df6f26cc4189809b0ab9e,/home/onyxia/work/insee_internship/src/multilevel/train.py,bald-finch-718,projet-text-classif,FastText
e5a6f144cc3c41e8842500da1bcba58c,16,FINISHED,mlflow-artifacts:/16/e5a6f144cc3c41e8842500da1bcba58c/artifacts,2026-07-23 21:35:16.190000+00:00,2026-07-24 10:25:38.147000+00:00,0.9106,0.001,0.8652,0.8844799995422363,0.8634799718856812,0.886,0.32970547676086426,0.6777,0.9244199991226196,0.8619,0.9245,0.3637597858905792,0.9164158701896667,0.777,0.42804253101348877,0.9276770353317261,0.8773,0.6041,0.8732600212097168,0.8986107110977173,0.8937504291534424,0.8861026167869568,2244613,15.0,46174.8,0.6209,0.9082199931144714,5,256,None,1208579,0,1.0,50000,<class 'torch.optim.adam.Adam'>,0.001,epoch,300,0.001,50000,4,2000,128,LOCAL,47aac8de0199ae6ef04df6f26cc4189809b0ab9e,/home/onyxia/work/insee_internship/src/multilevel/train.py,wistful-eel-104,projet-text-classif,FastText + Label Attention
657ac82997d14d72bb4efcd8ccdbb391,16,FINISHED,mlflow-artifacts:/16/657ac82997d14d72bb4efcd8ccdbb391/artifacts,2026-07-22 23:56:25.820000+00:00,2026-07-23 02:26:09.629000+00:00,0.9112,0.0005,0.8695,0.8864399790763855,0.8645399808883667,0.8905,0.2937834858894348,0.7011,0.9228000044822693,0.879,0.9239,0.25666868686676025,0.9269282221794128,0.8156,0.42920780181884766,0.9327151775360107,0.8802,0.6237,0.8760200142860413,0.9146137833595276,0.9107058644294739,0.9010829925537109,5542251,15.0,8966.5,0.6454,0.9099000096321106,5,256,None,1208579,0,1.0,50000,<class 'torch.optim.adam.Adam'>,0.0005,epoch,300,0.0005,50000,None,20000,128,LOCAL,47aac8de0199ae6ef04df6f26cc4189809b0ab9e,/home/onyxia/work/insee_internship/src/multilevel/train.py,upbeat-whale-204,projet-text-classif,FastText
df4596ba6c3b418c899c45e800b3c501,16,FINISHED,mlflow-artifacts:/16/df4596ba6c3b418c899c45e800b3c501/artifacts,2026-07-22 16:18:50.918000+00:00,2026-07-22 19:08:31.056000+00:00,0.908,0.0005,0.866,0.8859000205993652,0.8640400171279907,0.8878,0.32801759243011475,0.6901,0.9170600175857544,0.8648,0.9188,0.34112244844436646,0.9176123142242432,0.7959,0.42963534593582153,0.9225586652755737,0.8775,0.6145,0.8756200075149536,0.9051514267921448,0.9011119604110718,0.8909702897071838,851947,25.0,10168.6,0.6433,0.9054800271987915,5,128,None,1208579,0,1.0,50000,<class 'torch.optim.adam.Adam'>,0.0005,epoch,300,0.0005,50000,None,5000,128,LOCAL,47aac8de0199ae6ef04df6f26cc4189809b0ab9e,/home/onyxia/work/insee_internship/src/multilevel/train.py,invincible-gnu-108,projet-text-classif,FastText
afb62a3a59094c4ea35b403745b206e4,16,FINISHED,mlflow-artifacts:/16/afb62a3a59094c4ea35b403745b206e4/artifacts,2026-07-23 04:01:49.905000+00:00,2026-07-23 21:34:35.776000+00:00,0.909,0.0005,0.8655,0.8842200040817261,0.8626599907875061,0.8853,0.32653185725212097,0.6734,0.925320029258728,0.8737,0.9256,0.3450626730918884,0.9172226190567017,0.7713,0.4296695291996002,0.9286153316497803,0.8766,0.6027,0.8726599812507629,0.8988928198814392,0.8944694399833679,0.8870292901992798,2244613,21.0,63119.2,0.6283,0.9094200134277344,5,256,None,1208579,0,1.0,50000,<class 'torch.optim.adam.Adam'>,0.0005,epoch,300,0.0005,50000,4,2000,128,LOCAL,47aac8de0199ae6ef04df6f26cc4189809b0ab9e,/home/onyxia/work/insee_internship/src/multilevel/train.py,tasteful-fox-916,projet-text-classif,FastText + Label Attention
c58d67d5f6d74e3aaa89e71167075bd2,16,FINISHED,mlflow-artifacts:/16/c58d67d5f6d74e3aaa89e71167075bd2/artifacts,2026-07-25 11:22:26.724000+00:00,2026-07-25 18:46:43.852000+00:00,0.9132,0.001,0.8678,0.8878800272941589,0.8676400184631348,0.8878,0.29644066095352173,0.6829,0.9322800040245056,0.8588,0.9296,0.22209230065345764,0.9213247895240784,0.7915,0.4297329783439636,0.9353564381599426,0.879,0.5973,0.8765599727630615,0.9074503779411316,0.9051637053489685,0.8971967697143555,4292613,10.0,26635.2,0.636,0.9144799709320068,5,256,None,1258579,0,1.0,25000,<class 'torch.optim.adam.Adam'>,0.001,epoch,300,0.001,25000,4,10000,128,LOCAL,219300177caae6697e2deffda4a086e2e537cebe,/home/onyxia/work/insee_internship/src/multilevel/train.py,entertaining-owl-955,projet-text-classif,FastText + Label Attention
200f61950a3e47cb99d4569375fecd5e,16,FINISHED,mlflow-artifacts:/16/200f61950a3e47cb99d4569375fecd5e/artifacts,2026-07-23 04:47:57.423000+00:00,2026-07-23 07:51:37.889000+00:00,0.913,0.0005,0.869,0.8870400190353394,0.8642799854278564,0.8907,0.29109621047973633,0.6906,0.9254400134086609,0.8765,0.9274,0.24466896057128906,0.9281163811683655,0.8064,0.4301575720310211,0.9353049993515015,0.8808,0.6214,0.8760799765586853,0.9148520827293396,0.9109400510787964,0.901566207408905,11082859,11.0,10988.1,0.6548,0.9112399816513062,5,512,None,1208579,0,1.0,50000,<class 'torch.optim.adam.Adam'>,0.0005,epoch,300,0.0005,50000,None,20000,128,LOCAL,47aac8de0199ae6ef04df6f26cc4189809b0ab9e,/home/onyxia/work/insee_internship/src/multilevel/train.py,youthful-cow-537,projet-text-classif,FastText
aad597254d9a4103a4235fbab3ebb9b6,16,FINISHED,mlflow-artifacts:/16/aad597254d9a4103a4235fbab3ebb9b6/artifacts,2026-07-23 00:36:36.548000+00:00,2026-07-23 03:03:22.760000+00:00,0.9092,0.0005,0.8688,0.8858399987220764,0.8640999794006348,0.8895,0.29978618025779724,0.6952,0.9200599789619446,0.8594,0.9217,0.3152849078178406,0.9255530834197998,0.8047,0.4301590621471405,0.9296587109565735,0.88,0.6167,0.8757399916648865,0.9137871861457825,0.9095599055290222,0.8996358513832092,2771947,21.0,8794.3,0.6426,0.907800018787384,5,128,None,1208579,0,1.0,50000,<class 'torch.optim.adam.Adam'>,0.0005,epoch,300,0.0005,50000,None,20000,128,LOCAL,47aac8de0199ae6ef04df6f26cc4189809b0ab9e,/home/onyxia/work/insee_internship/src/multilevel/train.py,thundering-squid-394,projet-text-classif,FastText
aaa8cb1a4e0647f68ccce813ea7563a5,16,FINISHED,mlflow-artifacts:/16/aaa8cb1a4e0647f68ccce813ea7563a5/artifacts,2026-07-22 16:56:12.755000+00:00,2026-07-22 20:54:44.768000+00:00,0.9117,0.0005,0.8686,0.8867800235748291,0.8639799952507019,0.8901,0.309644877910614,0.6969,0.9230599999427795,0.8805,0.9256,0.2402609884738922,0.9216170310974121,0.8161,0.4324781000614166,0.9296073913574219,0.8803,0.6424,0.8751199841499329,0.9085661768913269,0.9054120779037476,0.8960018157958984,3402859,14.0,14283.2,0.6625,0.9095399975776672,5,512,None,1208579,0,1.0,50000,<class 'torch.optim.adam.Adam'>,0.0005,epoch,300,0.0005,50000,None,5000,128,LOCAL,47aac8de0199ae6ef04df6f26cc4189809b0ab9e,/home/onyxia/work/insee_internship/src/multilevel/train.py,selective-stoat-662,projet-text-classif,FastText
969dc01a691e49f7aa2110e5311d6b27,16,FINISHED,mlflow-artifacts:/16/969dc01a691e49f7aa2110e5311d6b27/artifacts,2026-07-22 23:18:20.789000+00:00,2026-07-23 00:35:56.578000+00:00,0.9087,0.001,0.8678,0.8860399723052979,0.86353999376297,0.8874,0.31842413544654846,0.6763,0.9190599918365479,0.8469,0.9204,0.3688593804836273,0.9212802648544312,0.7998,0.43253618478775024,0.9264897108078003,0.8789,0.6143,0.8747400045394897,0.9083791971206665,0.9037878513336182,0.8935452103614807,1491947,11.0,4644.4,0.6386,0.9071400165557861,5,128,None,1208579,0,1.0,50000,<class 'torch.optim.adam.Adam'>,0.001,epoch,300,0.001,50000,None,10000,128,LOCAL,47aac8de0199ae6ef04df6f26cc4189809b0ab9e,/home/onyxia/work/insee_internship/src/multilevel/train.py,fun-deer-82,projet-text-classif,FastText
59b643b6a6e24a2f824f6c9eef4bb95e,16,FINISHED,mlflow-artifacts:/16/59b643b6a6e24a2f824f6c9eef4bb95e/artifacts,2026-07-22 10:10:43.395000+00:00,2026-07-24 00:26:00.114000+00:00,0.9096,0.0005,0.8666,0.8845999836921692,0.8618800044059753,0.8855,0.31005430221557617,0.6659,0.9278799891471863,0.8734,0.9262,0.3043704926967621,0.9194392561912537,0.7952,0.43354979157447815,0.9316892027854919,0.8753,0.6007,0.8721799850463867,0.9029480218887329,0.8993802070617676,0.8879469037055969,7110661,14.0,137592.6,0.619,0.9110599756240845,5,512,None,1208579,0,1.0,50000,<class 'torch.optim.adam.Adam'>,0.0005,epoch,300,0.0005,50000,4,2000,128,LOCAL,47aac8de0199ae6ef04df6f26cc4189809b0ab9e,/home/onyxia/work/insee_internship/src/multilevel/train.py,abrasive-doe-453,projet-text-classif,FastText + Label Attention
71f9a897500e47a4ac0eb525fe53e3c3,16,FINISHED,mlflow-artifacts:/16/71f9a897500e47a4ac0eb525fe53e3c3/artifacts,2026-07-22 18:11:17.984000+00:00,2026-07-22 19:50:18.611000+00:00,0.9096,0.001,0.8666,0.8860399723052979,0.8633400201797485,0.8878,0.32307425141334534,0.6935,0.9203799962997437,0.8602,0.9213,0.31710970401763916,0.9190263748168945,0.8063,0.43362370133399963,0.9257673621177673,0.8779,0.6238,0.8751599788665771,0.9053831100463867,0.9014520645141602,0.8916297554969788,1702251,10.0,5923.6,0.6441,0.9076600074768066,5,256,None,1208579,0,1.0,50000,<class 'torch.optim.adam.Adam'>,0.001,epoch,300,0.001,50000,None,5000,128,LOCAL,47aac8de0199ae6ef04df6f26cc4189809b0ab9e,/home/onyxia/work/insee_internship/src/multilevel/train.py,charming-lark-280,projet-text-classif,FastText
15044b86d7c24614bf1e4bb94109d81e,16,FINISHED,mlflow-artifacts:/16/15044b86d7c24614bf1e4bb94109d81e/artifacts,2026-07-24 10:26:20.044000+00:00,2026-07-24 22:29:28.586000+00:00,0.9125,0.0005,0.8661,0.8870800137519836,0.8621600270271301,0.8894,0.3131643533706665,0.679,0.9283999800682068,0.8805,0.9283,0.2534553110599518,0.9201781749725342,0.8114,0.4342988133430481,0.9325712323188782,0.8769,0.5979,0.8756600022315979,0.9028602838516235,0.8990641236305237,0.8907411098480225,3012613,14.0,43341.3,0.6205,0.9116399884223938,5,256,None,1208579,0,1.0,50000,<class 'torch.optim.adam.Adam'>,0.0005,epoch,300,0.0005,50000,4,5000,128,LOCAL,47aac8de0199ae6ef04df6f26cc4189809b0ab9e,/home/onyxia/work/insee_internship/src/multilevel/train.py,trusting-roo-33,projet-text-classif,FastText + Label Attention
24fb940a12c7407dae1033cdace92ba8,16,FINISHED,mlflow-artifacts:/16/24fb940a12c7407dae1033cdace92ba8/artifacts,2026-07-22 19:09:13.993000+00:00,2026-07-22 20:54:37.497000+00:00,0.9078,0.001,0.8676,0.8839799761772156,0.8619199991226196,0.8884,0.3271813690662384,0.7003,0.9162200093269348,0.8674,0.9187,0.5049216151237488,0.9175056219100952,0.7965,0.43529772758483887,0.9226306080818176,0.8785,0.6265,0.8737999796867371,0.9048874974250793,0.900942325592041,0.890856146812439,851947,15.0,6310.6,0.6504,0.9061200022697449,5,128,None,1208579,0,1.0,50000,<class 'torch.optim.adam.Adam'>,0.001,epoch,300,0.001,50000,None,5000,128,LOCAL,47aac8de0199ae6ef04df6f26cc4189809b0ab9e,/home/onyxia/work/insee_internship/src/multilevel/train.py,unique-crow-973,projet-text-classif,FastText
0aaf4bcc2b4d43bca3b76e7e82eafada,16,FINISHED,mlflow-artifacts:/16/0aaf4bcc2b4d43bca3b76e7e82eafada/artifacts,2026-07-23 04:32:26.505000+00:00,2026-07-23 21:01:29.935000+00:00,0.9082,0.0005,0.8651,0.8817200064659119,0.8617799878120422,0.8835,0.3511679470539093,0.6661,0.9219599962234497,0.852,0.9247,0.3698711693286896,0.9119817614555359,0.7831,0.4364073872566223,0.924858033657074,0.8752,0.5957,0.8745599985122681,0.8938480615615845,0.8903670907020569,0.8818455338478088,794629,41.0,59316.0,0.6009,0.9054800271987915,5,128,None,1208579,0,1.0,50000,<class 'torch.optim.adam.Adam'>,0.0005,epoch,300,0.0005,50000,4,2000,128,LOCAL,47aac8de0199ae6ef04df6f26cc4189809b0ab9e,/home/onyxia/work/insee_internship/src/multilevel/train.py,defiant-grub-671,projet-text-classif,FastText + Label Attention
b956cc56cdbf4b0a97acc487565d772c,16,FINISHED,mlflow-artifacts:/16/b956cc56cdbf4b0a97acc487565d772c/artifacts,2026-07-24 10:32:15.811000+00:00,2026-07-24 20:56:29.440000+00:00,0.9104,0.0005,0.867,0.8843600153923035,0.8629999756813049,0.8859,0.3327687382698059,0.6734,0.9269199967384338,0.8617,0.9279,0.40078288316726685,0.9164100885391235,0.7849,0.437004417181015,0.9296843409538269,0.8759,0.592,0.8723800182342529,0.8989350199699402,0.8952431082725525,0.8882464170455933,1178629,25.0,37425.7,0.615,0.9106600284576416,5,128,None,1208579,0,1.0,50000,<class 'torch.optim.adam.Adam'>,0.0005,epoch,300,0.0005,50000,4,5000,128,LOCAL,47aac8de0199ae6ef04df6f26cc4189809b0ab9e,/home/onyxia/work/insee_internship/src/multilevel/train.py,big-toad-60,projet-text-classif,FastText + Label Attention
2a52cac929fa48f6b34151c2148d8ddc,16,FINISHED,mlflow-artifacts:/16/2a52cac929fa48f6b34151c2148d8ddc/artifacts,2026-07-22 22:16:18.087000+00:00,2026-07-22 23:55:45.168000+00:00,0.9099,0.001,0.8685,0.8864799737930298,0.8641800284385681,0.8896,0.30044984817504883,0.6973,0.9230200052261353,0.8628,0.9227,0.23708492517471313,0.9243690371513367,0.7994,0.43703797459602356,0.930448055267334,0.8791,0.6303,0.8749600052833557,0.9116929769515991,0.9081053137779236,0.8983533382415771,2982251,10.0,5950.4,0.6548,0.9094200134277344,5,256,None,1208579,0,1.0,50000,<class 'torch.optim.adam.Adam'>,0.001,epoch,300,0.001,50000,None,10000,128,LOCAL,47aac8de0199ae6ef04df6f26cc4189809b0ab9e,/home/onyxia/work/insee_internship/src/multilevel/train.py,respected-squid-673,projet-text-classif,FastText
a8729bba687e4dcead2462a8044e8742,16,FINISHED,mlflow-artifacts:/16/a8729bba687e4dcead2462a8044e8742/artifacts,2026-07-23 03:04:03.490000+00:00,2026-07-23 04:31:20.792000+00:00,0.9092,0.001,0.8666,0.8856800198554993,0.8623600006103516,0.8875,0.29945090413093567,0.6834,0.9201599955558777,0.8552,0.9205,0.15907303988933563,0.9256142973899841,0.7926,0.43771296739578247,0.9300798773765564,0.8776,0.6076,0.8741999864578247,0.91355961561203,0.9093381762504578,0.8994736671447754,2771947,12.0,5225.1,0.6395,0.9071400165557861,5,128,None,1208579,0,1.0,50000,<class 'torch.optim.adam.Adam'>,0.001,epoch,300,0.001,50000,None,20000,128,LOCAL,47aac8de0199ae6ef04df6f26cc4189809b0ab9e,/home/onyxia/work/insee_internship/src/multilevel/train.py,nebulous-pug-775,projet-text-classif,FastText
90d2d890f4c34984abfddc5179de9b68,16,FINISHED,mlflow-artifacts:/16/90d2d890f4c34984abfddc5179de9b68/artifacts,2026-07-22 10:10:52.533000+00:00,2026-07-22 13:20:31.710000+00:00,0.9056,0.0005,0.8669,0.8830199837684631,0.8611999750137329,0.8855,0.352915495634079,0.6856,0.9149799942970276,0.8599,0.9167,0.26659590005874634,0.9115407466888428,0.7886,0.43827638030052185,0.9185771346092224,0.8773,0.6272,0.8731200098991394,0.8976955413818359,0.8937727808952332,0.8840663433074951,934251,21.0,11361.8,0.644,0.9038599729537964,5,256,None,1208579,0,1.0,50000,<class 'torch.optim.adam.Adam'>,0.0005,epoch,300,0.0005,50000,None,2000,128,LOCAL,47aac8de0199ae6ef04df6f26cc4189809b0ab9e,/home/onyxia/work/insee_internship/src/multilevel/train.py,casual-koi-577,projet-text-classif,FastText
81f935d769704f36a6e77d9eb1401f83,16,FINISHED,mlflow-artifacts:/16/81f935d769704f36a6e77d9eb1401f83/artifacts,2026-07-24 20:57:10.962000+00:00,2026-07-25 06:29:30.478000+00:00,0.9135,0.001,0.8667,0.8869799971580505,0.8607800006866455,0.8899,0.31111636757850647,0.6767,0.9283000230789185,0.8541,0.9285,0.3045433759689331,0.9191960096359253,0.7931,0.43854960799217224,0.9311612844467163,0.8761,0.6016,0.8738200068473816,0.902561604976654,0.9004260301589966,0.89361971616745,1178629,23.0,34311.1,0.63,0.9114599823951721,5,128,None,1208579,0,1.0,50000,<class 'torch.optim.adam.Adam'>,0.001,epoch,300,0.001,50000,4,5000,128,LOCAL,47aac8de0199ae6ef04df6f26cc4189809b0ab9e,/home/onyxia/work/insee_internship/src/multilevel/train.py,worried-koi-589,projet-text-classif,FastText + Label Attention
f5ae98510ee64605865089d7c2b932a5,16,FINISHED,mlflow-artifacts:/16/f5ae98510ee64605865089d7c2b932a5/artifacts,2026-07-23 03:27:37.404000+00:00,2026-07-23 06:17:10.866000+00:00,0.9058,0.0005,0.8653,0.883840024471283,0.8620200157165527,0.8864,0.32719606161117554,0.6668,0.9126999974250793,0.8459,0.9156,0.32813560962677,0.918826162815094,0.7897,0.4385931193828583,0.9214838147163391,0.8767,0.6068,0.874239981174469,0.907141387462616,0.9025955200195312,0.8921236991882324,746795,32.0,10163.3,0.6318,0.903659999370575,5,64,None,1208579,0,1.0,50000,<class 'torch.optim.adam.Adam'>,0.0005,epoch,300,0.0005,50000,None,10000,128,LOCAL,47aac8de0199ae6ef04df6f26cc4189809b0ab9e,/home/onyxia/work/insee_internship/src/multilevel/train.py,gifted-roo-224,projet-text-classif,FastText
589f4c5466434b7bb0806188c28e99a7,16,FINISHED,mlflow-artifacts:/16/589f4c5466434b7bb0806188c28e99a7/artifacts,2026-07-23 02:26:51.078000+00:00,2026-07-23 04:00:47.431000+00:00,0.911,0.001,0.8684,0.8856199979782104,0.863099992275238,0.8902,0.2935192286968231,0.6935,0.9230599999427795,0.8607,0.9234,0.3131168484687805,0.9268802404403687,0.8148,0.44009774923324585,0.9329873919487,0.8799,0.6274,0.874239981174469,0.9145492315292358,0.9105743169784546,0.900948166847229,5542251,9.0,5619.1,0.657,0.9100199937820435,5,256,None,1208579,0,1.0,50000,<class 'torch.optim.adam.Adam'>,0.001,epoch,300,0.001,50000,None,20000,128,LOCAL,47aac8de0199ae6ef04df6f26cc4189809b0ab9e,/home/onyxia/work/insee_internship/src/multilevel/train.py,intrigued-whale-861,projet-text-classif,FastText
60c0edb0c6e54ea68b3972d25aa78afc,16,FINISHED,mlflow-artifacts:/16/60c0edb0c6e54ea68b3972d25aa78afc/artifacts,2026-07-23 08:01:56.440000+00:00,2026-07-23 10:36:34.941000+00:00,0.9062,0.0005,0.8661,0.884440004825592,0.8615400195121765,0.8864,0.3171803057193756,0.6742,0.9147400259971619,0.8476,0.916,0.3174141049385071,0.9220332503318787,0.7963,0.4401080012321472,0.9243607521057129,0.8776,0.608,0.8732600212097168,0.9106065630912781,0.9054757952690125,0.8952099680900574,1386795,28.0,9268.7,0.6367,0.904259979724884,5,64,None,1208579,0,1.0,50000,<class 'torch.optim.adam.Adam'>,0.0005,epoch,300,0.0005,50000,None,20000,128,LOCAL,47aac8de0199ae6ef04df6f26cc4189809b0ab9e,/home/onyxia/work/insee_internship/src/multilevel/train.py,intrigued-shoat-360,projet-text-classif,FastText
b986ae06548c483a84f27315661bada6,16,FINISHED,mlflow-artifacts:/16/b986ae06548c483a84f27315661bada6/artifacts,2026-07-22 10:10:47.383000+00:00,2026-07-22 13:48:40.707000+00:00,0.904,0.0005,0.864,0.8826599717140198,0.8610399961471558,0.885,0.3622111976146698,0.6856,0.911080002784729,0.8302,0.9141,0.3657289147377014,0.9093282222747803,0.7962,0.44068044424057007,0.9148578643798828,0.876,0.6142,0.8726599812507629,0.8960961699485779,0.8919061422348022,0.8816899657249451,467947,33.0,13061.6,0.6347,0.9021599888801575,5,128,None,1208579,0,1.0,50000,<class 'torch.optim.adam.Adam'>,0.0005,epoch,300,0.0005,50000,None,2000,128,LOCAL,47aac8de0199ae6ef04df6f26cc4189809b0ab9e,/home/onyxia/work/insee_internship/src/multilevel/train.py,auspicious-shark-335,projet-text-classif,FastText
13379bf37f4b47f791280b17be8f335d,16,FINISHED,mlflow-artifacts:/16/13379bf37f4b47f791280b17be8f335d/artifacts,2026-07-25 06:30:12.938000+00:00,2026-07-25 15:14:05.180000+00:00,0.9118,0.0005,0.8635,0.8871399760246277,0.860539972782135,0.8865,0.3194950819015503,0.652,0.9270600080490112,0.8633,0.9264,0.34183141589164734,0.9192944765090942,0.7944,0.4408363699913025,0.9308584928512573,0.8769,0.5814,0.8748999834060669,0.9024515748023987,0.8985403776168823,0.8927765488624573,1818629,21.0,31404.9,0.6168,0.9104400277137756,5,128,None,1208579,0,1.0,50000,<class 'torch.optim.adam.Adam'>,0.0005,epoch,300,0.0005,50000,4,10000,128,LOCAL,47aac8de0199ae6ef04df6f26cc4189809b0ab9e,/home/onyxia/work/insee_internship/src/multilevel/train.py,magnificent-cub-669,projet-text-classif,FastText + Label Attention
84baddb739174ce68bb960f5dc52d119,16,FINISHED,mlflow-artifacts:/16/84baddb739174ce68bb960f5dc52d119/artifacts,2026-07-22 21:09:04.330000+00:00,2026-07-23 01:04:55.865000+00:00,0.9046,0.0005,0.865,0.8827800154685974,0.8600999712944031,0.8864,0.34386324882507324,0.6648,0.911080002784729,0.8353,0.913,0.34165364503860474,0.9140205383300781,0.7863,0.44131532311439514,0.9170339703559875,0.8767,0.611,0.8720999956130981,0.9021222591400146,0.897211492061615,0.8866007328033447,426795,42.0,14141.1,0.6343,0.9021599888801575,5,64,None,1208579,0,1.0,50000,<class 'torch.optim.adam.Adam'>,0.0005,epoch,300,0.0005,50000,None,5000,128,LOCAL,47aac8de0199ae6ef04df6f26cc4189809b0ab9e,/home/onyxia/work/insee_internship/src/multilevel/train.py,marvelous-wren-165,projet-text-classif,FastText
8e4dc4144acd45e5949b64bd0498f915,16,FINISHED,mlflow-artifacts:/16/8e4dc4144acd45e5949b64bd0498f915/artifacts,2026-07-23 10:37:22.016000+00:00,2026-07-23 12:06:13.466000+00:00,0.9065,0.001,0.8655,0.8836600184440613,0.8611400127410889,0.8876,0.31553220748901367,0.6697,0.9148399829864502,0.8544,0.9152,0.3731667399406433,0.9221590161323547,0.7887,0.44135650992393494,0.9247331023216248,0.8765,0.5993,0.8723000288009644,0.9106206297874451,0.9055097103118896,0.8951512575149536,1386795,16.0,5320.9,0.6302,0.9042800068855286,5,64,None,1208579,0,1.0,50000,<class 'torch.optim.adam.Adam'>,0.001,epoch,300,0.001,50000,None,20000,128,LOCAL,47aac8de0199ae6ef04df6f26cc4189809b0ab9e,/home/onyxia/work/insee_internship/src/multilevel/train.py,abrasive-midge-272,projet-text-classif,FastText
1722fd2b149848518537fc002be411c7,16,FINISHED,mlflow-artifacts:/16/1722fd2b149848518537fc002be411c7/artifacts,2026-07-23 06:17:58.833000+00:00,2026-07-23 08:01:08.604000+00:00,0.9058,0.001,0.8646,0.8834599852561951,0.8616399765014648,0.887,0.32509294152259827,0.6654,0.9146999716758728,0.8373,0.9155,0.3833586573600769,0.9191678762435913,0.7799,0.4418475925922394,0.9219678640365601,0.8769,0.604,0.8733599781990051,0.9073424339294434,0.90267413854599,0.8922528028488159,746795,19.0,6180.0,0.6282,0.9043400287628174,5,64,None,1208579,0,1.0,50000,<class 'torch.optim.adam.Adam'>,0.001,epoch,300,0.001,50000,None,10000,128,LOCAL,47aac8de0199ae6ef04df6f26cc4189809b0ab9e,/home/onyxia/work/insee_internship/src/multilevel/train.py,legendary-gnu-637,projet-text-classif,FastText
2641161b54c4431e94d18020c3dab00c,16,FINISHED,mlflow-artifacts:/16/2641161b54c4431e94d18020c3dab00c/artifacts,2026-07-22 10:25:58.483000+00:00,2026-07-22 14:32:45.378000+00:00,0.9077,0.0005,0.8679,0.8825399875640869,0.8612599968910217,0.8859,0.347089022397995,0.694,0.9188600182533264,0.8608,0.9206,0.37542039155960083,0.9129705429077148,0.8046,0.4418972134590149,0.9223700165748596,0.8779,0.6289,0.8723800182342529,0.898277223110199,0.8949443697929382,0.8852503895759583,1866859,15.0,14777.1,0.6421,0.9045600295066833,5,512,None,1208579,0,1.0,50000,<class 'torch.optim.adam.Adam'>,0.0005,epoch,300,0.0005,50000,None,2000,128,LOCAL,47aac8de0199ae6ef04df6f26cc4189809b0ab9e,/home/onyxia/work/insee_internship/src/multilevel/train.py,colorful-slug-626,projet-text-classif,FastText
3ac242b6b99f4e7bbbcf7c14a07999df,16,FINISHED,mlflow-artifacts:/16/3ac242b6b99f4e7bbbcf7c14a07999df/artifacts,2026-07-23 01:05:46.571000+00:00,2026-07-23 03:26:51.182000+00:00,0.9044,0.001,0.8665,0.8833000063896179,0.8605800271034241,0.8864,0.34192824363708496,0.6664,0.9108800292015076,0.836,0.9121,0.3081376254558563,0.9142786860466003,0.7793,0.44304391741752625,0.916833758354187,0.8778,0.6052,0.8722800016403198,0.9020841717720032,0.8974324464797974,0.8867777585983276,426795,26.0,8454.0,0.6341,0.9031599760055542,5,64,None,1208579,0,1.0,50000,<class 'torch.optim.adam.Adam'>,0.001,epoch,300,0.001,50000,None,5000,128,LOCAL,47aac8de0199ae6ef04df6f26cc4189809b0ab9e,/home/onyxia/work/insee_internship/src/multilevel/train.py,bold-ape-34,projet-text-classif,FastText
d2d3f63832b4412887b044f2292d319a,16,FINISHED,mlflow-artifacts:/16/d2d3f63832b4412887b044f2292d319a/artifacts,2026-07-24 11:48:43.564000+00:00,2026-07-24 20:05:41.824000+00:00,0.9034,0.0005,0.8628,0.881380021572113,0.8613600134849548,0.882,0.3571642339229584,0.6266,0.9221799969673157,0.8576,0.9226,0.40158283710479736,0.9082773923873901,0.7566,0.44336870312690735,0.924781084060669,0.8734,0.5799,0.8705000281333923,0.8925846219062805,0.8905234932899475,0.8829790949821472,507397,50.0,29803.7,0.6176,0.9032999873161316,5,64,None,1208579,0,1.0,50000,<class 'torch.optim.adam.Adam'>,0.0005,epoch,300,0.0005,50000,4,5000,128,LOCAL,47aac8de0199ae6ef04df6f26cc4189809b0ab9e,/home/onyxia/work/insee_internship/src/multilevel/train.py,placid-calf-665,projet-text-classif,FastText + Label Attention
3234a351717a4bcf8b06166b50cf93e8,16,FINISHED,mlflow-artifacts:/16/3234a351717a4bcf8b06166b50cf93e8/artifacts,2026-07-23 02:41:13.883000+00:00,2026-07-23 04:47:16.375000+00:00,0.911,0.001,0.8663,0.8851600289344788,0.8615999817848206,0.8872,0.30557477474212646,0.6964,0.9248200058937073,0.8592,0.9246,0.27072975039482117,0.9243806004524231,0.8077,0.44377294182777405,0.9325919151306152,0.8775,0.6291,0.8736199736595154,0.910347580909729,0.9063090085983276,0.8966158032417297,5962859,7.0,7533.1,0.6496,0.9092400074005127,5,512,None,1208579,0,1.0,50000,<class 'torch.optim.adam.Adam'>,0.001,epoch,300,0.001,50000,None,10000,128,LOCAL,47aac8de0199ae6ef04df6f26cc4189809b0ab9e,/home/onyxia/work/insee_internship/src/multilevel/train.py,redolent-gnu-483,projet-text-classif,FastText
b98207d773174bb7854e0aa5a61ea7e4,16,FINISHED,mlflow-artifacts:/16/b98207d773174bb7854e0aa5a61ea7e4/artifacts,2026-07-24 20:06:29.144000+00:00,2026-07-25 02:28:32.183000+00:00,0.907,0.001,0.8655,0.8816800117492676,0.8613399863243103,0.8848,0.34569934010505676,0.665,0.9222999811172485,0.837,0.9232,0.3016104996204376,0.9113678336143494,0.7815,0.4438760280609131,0.9253188967704773,0.8756,0.5823,0.8723800182342529,0.8947648406028748,0.8928328156471252,0.885442316532135,507397,39.0,22908.5,0.626,0.9054399728775024,5,64,None,1208579,0,1.0,50000,<class 'torch.optim.adam.Adam'>,0.001,epoch,300,0.001,50000,4,5000,128,LOCAL,47aac8de0199ae6ef04df6f26cc4189809b0ab9e,/home/onyxia/work/insee_internship/src/multilevel/train.py,able-gull-754,projet-text-classif,FastText + Label Attention
fae2af7d4b1649469be273d42fe3d326,16,FINISHED,mlflow-artifacts:/16/fae2af7d4b1649469be273d42fe3d326/artifacts,2026-07-22 13:21:15.903000+00:00,2026-07-22 15:24:30.300000+00:00,0.9052,0.001,0.866,0.8826199769973755,0.8604999780654907,0.885,0.3545016944408417,0.6842,0.9154599905014038,0.8603,0.9183,0.3571354150772095,0.9108605980873108,0.8043,0.4442864954471588,0.918755829334259,0.8769,0.628,0.8721399903297424,0.8968499302864075,0.8930984139442444,0.8832992911338806,934251,13.0,7377.6,0.6524,0.9028199911117554,5,256,None,1208579,0,1.0,50000,<class 'torch.optim.adam.Adam'>,0.001,epoch,300,0.001,50000,None,2000,128,LOCAL,47aac8de0199ae6ef04df6f26cc4189809b0ab9e,/home/onyxia/work/insee_internship/src/multilevel/train.py,enchanting-chimp-80,projet-text-classif,FastText
4324f7329e5a4c3cb81e0d28a6652335,16,FINISHED,mlflow-artifacts:/16/4324f7329e5a4c3cb81e0d28a6652335/artifacts,2026-07-22 13:49:25.010000+00:00,2026-07-22 16:18:05.591000+00:00,0.904,0.001,0.8648,0.8813999891281128,0.8583599925041199,0.8841,0.35976293683052063,0.6751,0.9113199710845947,0.8525,0.9132,0.4341229200363159,0.909182608127594,0.7723,0.4465116858482361,0.9142919182777405,0.8757,0.62,0.8715000152587891,0.8960490226745605,0.8920682668685913,0.881963849067688,467947,22.0,8908.5,0.642,0.9013800024986267,5,128,None,1208579,0,1.0,50000,<class 'torch.optim.adam.Adam'>,0.001,epoch,300,0.001,50000,None,2000,128,LOCAL,47aac8de0199ae6ef04df6f26cc4189809b0ab9e,/home/onyxia/work/insee_internship/src/multilevel/train.py,worried-shoat-651,projet-text-classif,FastText
8b160b36a46947a1909b542290b36b64,16,FINISHED,mlflow-artifacts:/16/8b160b36a46947a1909b542290b36b64/artifacts,2026-07-24 03:01:13.052000+00:00,2026-07-24 11:47:55.796000+00:00,0.9034,0.001,0.8636,0.8769199848175049,0.8596000075340271,0.8808,0.3837571144104004,0.6389,0.9154599905014038,0.8362,0.9167,0.41453948616981506,0.904462993144989,0.7541,0.4467453062534332,0.9177165627479553,0.8731,0.5844,0.8687999844551086,0.8857161998748779,0.8831238746643066,0.8750151991844177,315397,54.0,31588.3,0.6005,0.8991199731826782,5,64,None,1208579,0,1.0,50000,<class 'torch.optim.adam.Adam'>,0.001,epoch,300,0.001,50000,4,2000,128,LOCAL,47aac8de0199ae6ef04df6f26cc4189809b0ab9e,/home/onyxia/work/insee_internship/src/multilevel/train.py,victorious-colt-152,projet-text-classif,FastText + Label Attention
bbaf9dc70a794eafa17f6f6a2ea072ec,16,FINISHED,mlflow-artifacts:/16/bbaf9dc70a794eafa17f6f6a2ea072ec/artifacts,2026-07-24 00:26:50.532000+00:00,2026-07-25 17:39:35.352000+00:00,0.9106,0.001,0.867,0.8863800168037415,0.8630800247192383,0.8854,0.30519887804985046,0.6806,0.9291200041770935,0.8684,0.9269,0.2546728253364563,0.9203792214393616,0.8018,0.44715991616249084,0.9325397610664368,0.8764,0.606,0.872759997844696,0.9009969830513,0.8982863426208496,0.8926904797554016,7110661,15.0,148244.8,0.6245,0.9110000133514404,5,512,None,1208579,0,1.0,50000,<class 'torch.optim.adam.Adam'>,0.001,epoch,300,0.001,50000,4,2000,128,LOCAL,47aac8de0199ae6ef04df6f26cc4189809b0ab9e,/home/onyxia/work/insee_internship/src/multilevel/train.py,bouncy-carp-278,projet-text-classif,FastText + Label Attention
4aff4dcca42d46aea59449311f2958e0,16,FINISHED,mlflow-artifacts:/16/4aff4dcca42d46aea59449311f2958e0/artifacts,2026-07-24 18:01:04.379000+00:00,2026-07-24 21:55:12.908000+00:00,0.9113,0.001,0.8653,0.8880800008773804,0.8616799712181091,0.8878,0.30691829323768616,0.6793,0.927079975605011,0.8648,0.9262,0.23113450407981873,0.9200908541679382,0.7846,0.4472525715827942,0.9317103028297424,0.875,0.5847,0.8731600046157837,0.9045431613922119,0.9049674272537231,0.89727383852005,3098629,13.0,14035.5,0.6203,0.9101999998092651,5,128,None,1258579,0,1.0,25000,<class 'torch.optim.adam.Adam'>,0.001,epoch,300,0.001,25000,4,20000,128,LOCAL,219300177caae6697e2deffda4a086e2e537cebe,/home/onyxia/work/insee_internship/src/multilevel/train.py,masked-yak-515,projet-text-classif,FastText + Label Attention
e589ec2dca96409ea6ff8c9ff9a3909b,16,FINISHED,mlflow-artifacts:/16/e589ec2dca96409ea6ff8c9ff9a3909b/artifacts,2026-07-22 20:55:24.814000+00:00,2026-07-22 23:31:20.289000+00:00,0.9101,0.001,0.8663,0.8845000267028809,0.8602399826049805,0.8882,0.31447136402130127,0.6904,0.9239599704742432,0.8646,0.9234,0.4733937084674835,0.9206233024597168,0.803,0.44732746481895447,0.9289678335189819,0.8779,0.6211,0.8720600008964539,0.9068773984909058,0.9036645293235779,0.8939878940582275,3402859,9.0,9326.4,0.6406,0.9091399908065796,5,512,None,1208579,0,1.0,50000,<class 'torch.optim.adam.Adam'>,0.001,epoch,300,0.001,50000,None,5000,128,LOCAL,47aac8de0199ae6ef04df6f26cc4189809b0ab9e,/home/onyxia/work/insee_internship/src/multilevel/train.py,handsome-shrew-145,projet-text-classif,FastText
32447bc0da2d47868eb95dd2b317eb0a,16,FINISHED,mlflow-artifacts:/16/32447bc0da2d47868eb95dd2b317eb0a/artifacts,2026-07-25 10:36:03.057000+00:00,2026-07-25 23:22:03.138000+00:00,0.9141,0.0005,0.8646,0.8860399723052979,0.8590199947357178,0.8871,0.2901644706726074,0.6576,0.9311599731445312,0.8787,0.9303,0.2854400873184204,0.9236260056495667,0.7995,0.4494519531726837,0.9344271421432495,0.8767,0.5992,0.8757399916648865,0.90826416015625,0.9067334532737732,0.8993768692016602,4292613,15.0,45912.3,0.6316,0.9126999974250793,5,256,None,1208579,0,1.0,50000,<class 'torch.optim.adam.Adam'>,0.0005,epoch,300,0.0005,50000,4,10000,128,LOCAL,47aac8de0199ae6ef04df6f26cc4189809b0ab9e,/home/onyxia/work/insee_internship/src/multilevel/train.py,suave-jay-770,projet-text-classif,FastText + Label Attention
c6c613d003bb48beaf494a20ecf64265,16,FINISHED,mlflow-artifacts:/16/c6c613d003bb48beaf494a20ecf64265/artifacts,2026-07-22 14:33:31.419000+00:00,2026-07-22 16:55:26.828000+00:00,0.907,0.001,0.8647,0.8810799717903137,0.8579999804496765,0.8848,0.35964351892471313,0.6946,0.9170200228691101,0.8701,0.9211,0.3897620439529419,0.9113736152648926,0.7887,0.450439989566803,0.921091616153717,0.8763,0.6237,0.8697599768638611,0.8957999348640442,0.8912193775177002,0.8813714385032654,1866859,8.0,8483.8,0.6458,0.9037399888038635,5,512,None,1208579,0,1.0,50000,<class 'torch.optim.adam.Adam'>,0.001,epoch,300,0.001,50000,None,2000,128,LOCAL,47aac8de0199ae6ef04df6f26cc4189809b0ab9e,/home/onyxia/work/insee_internship/src/multilevel/train.py,capricious-tern-333,projet-text-classif,FastText
332671f20617496aa49fe3e9aac2c8b0,16,FINISHED,mlflow-artifacts:/16/332671f20617496aa49fe3e9aac2c8b0/artifacts,2026-07-24 18:01:06.491000+00:00,2026-07-24 22:03:51.487000+00:00,0.9101,0.001,0.8643,0.8826000094413757,0.8636400103569031,0.8845,0.31853187084198,0.6626,0.9258400201797485,0.8691,0.9279,0.2590666115283966,0.9177262783050537,0.7672,0.45175838470458984,0.9308450222015381,0.8731,0.5828,0.8729599714279175,0.9011853933334351,0.9026171565055847,0.8947630524635315,1467397,22.0,14554.7,0.6076,0.9093599915504456,5,64,None,1258579,0,1.0,25000,<class 'torch.optim.adam.Adam'>,0.001,epoch,300,0.001,25000,4,20000,128,LOCAL,219300177caae6697e2deffda4a086e2e537cebe,/home/onyxia/work/insee_internship/src/multilevel/train.py,secretive-croc-310,projet-text-classif,FastText + Label Attention
44ca050306964dd0b728f5944d610dfc,16,FINISHED,mlflow-artifacts:/16/44ca050306964dd0b728f5944d610dfc/artifacts,2026-07-23 07:52:19.321000+00:00,2026-07-23 10:20:07.382000+00:00,0.9119,0.001,0.8668,0.8837800025939941,0.8600000143051147,0.8888,0.28599706292152405,0.6899,0.9251199960708618,0.8745,0.9253,0.4038148820400238,0.928813099861145,0.8068,0.4521887004375458,0.9362019300460815,0.8785,0.621,0.8714799880981445,0.915859043598175,0.9120380282402039,0.9028272032737732,11082859,8.0,8835.7,0.6477,0.9093000292778015,5,512,None,1208579,0,1.0,50000,<class 'torch.optim.adam.Adam'>,0.001,epoch,300,0.001,50000,None,20000,128,LOCAL,47aac8de0199ae6ef04df6f26cc4189809b0ab9e,/home/onyxia/work/insee_internship/src/multilevel/train.py,vaunted-shad-694,projet-text-classif,FastText
dc072ebf7dbc42578b84c9d524884fcd,16,FINISHED,mlflow-artifacts:/16/dc072ebf7dbc42578b84c9d524884fcd/artifacts,2026-07-25 09:53:45.249000+00:00,2026-07-25 13:49:17.478000+00:00,0.9082,0.001,0.8617,0.8840000033378601,0.8584399819374084,0.8848,0.3404650092124939,0.6499,0.9224200248718262,0.8504,0.9235,0.290658175945282,0.9141463041305542,0.7693,0.4534982740879059,0.9273146390914917,0.8749,0.5862,0.8705800175666809,0.8966207504272461,0.8961424827575684,0.8876250386238098,827397,23.0,14117.4,0.6077,0.9066600203514099,5,64,None,1208579,0,1.0,50000,<class 'torch.optim.adam.Adam'>,0.001,epoch,300,0.001,50000,4,10000,128,LOCAL,47aac8de0199ae6ef04df6f26cc4189809b0ab9e,/home/onyxia/work/insee_internship/src/multilevel/train.py,crawling-lark-501,projet-text-classif,FastText + Label Attention
34dd821ad0a04c8bbc7d1b0ed742e00e,16,FINISHED,mlflow-artifacts:/16/34dd821ad0a04c8bbc7d1b0ed742e00e/artifacts,2026-07-23 12:07:14.988000+00:00,2026-07-24 03:00:26.532000+00:00,0.901,0.0005,0.864,0.876479983329773,0.8578000068664551,0.8812,0.3903808295726776,0.6428,0.9164800047874451,0.8331,0.9171,0.3494037389755249,0.9019079208374023,0.754,0.4536375403404236,0.916793167591095,0.8703,0.5769,0.8702200055122375,0.8846819400787354,0.8824809789657593,0.8737765550613403,315397,92.0,53577.2,0.5954,0.8986200094223022,5,64,None,1208579,0,1.0,50000,<class 'torch.optim.adam.Adam'>,0.0005,epoch,300,0.0005,50000,4,2000,128,LOCAL,47aac8de0199ae6ef04df6f26cc4189809b0ab9e,/home/onyxia/work/insee_internship/src/multilevel/train.py,industrious-gull-293,projet-text-classif,FastText + Label Attention
3e84939980064ea68f597ea663c9001b,16,FINISHED,mlflow-artifacts:/16/3e84939980064ea68f597ea663c9001b/artifacts,2026-07-22 11:03:15.806000+00:00,2026-07-22 16:45:37.561000+00:00,0.9009,0.0005,0.8621,0.8791999816894531,0.8586199879646301,0.8831,0.38471680879592896,0.6485,0.906000018119812,0.8297,0.9073,0.41899847984313965,0.9055643081665039,0.7742,0.4538229703903198,0.9087432622909546,0.8741,0.5819,0.8709200024604797,0.8918117880821228,0.88669753074646,0.8760138750076294,234795,62.0,20531.9,0.6086,0.8995199799537659,5,64,None,1208579,0,1.0,50000,<class 'torch.optim.adam.Adam'>,0.0005,epoch,300,0.0005,50000,None,2000,128,LOCAL,47aac8de0199ae6ef04df6f26cc4189809b0ab9e,/home/onyxia/work/insee_internship/src/multilevel/train.py,salty-croc-1000,projet-text-classif,FastText
f8c7d0f93a93472bbdb42029cf61838a,16,FINISHED,mlflow-artifacts:/16/f8c7d0f93a93472bbdb42029cf61838a/artifacts,2026-07-22 16:46:23.950000+00:00,2026-07-22 21:08:16.768000+00:00,0.901,0.001,0.8636,0.8787999749183655,0.8576800227165222,0.8832,0.3798711597919464,0.6694,0.9053800106048584,0.8357,0.9089,0.3244268298149109,0.9057934880256653,0.7698,0.4554891884326935,0.9090824723243713,0.8747,0.5976,0.8693600296974182,0.8921179175376892,0.8873147964477539,0.8766981959342957,234795,50.0,15702.7,0.6241,0.8980399966239929,5,64,None,1208579,0,1.0,50000,<class 'torch.optim.adam.Adam'>,0.001,epoch,300,0.001,50000,None,2000,128,LOCAL,47aac8de0199ae6ef04df6f26cc4189809b0ab9e,/home/onyxia/work/insee_internship/src/multilevel/train.py,tasteful-ox-115,projet-text-classif,FastText
22438cc2fa6a46f0ab2bc2437295e5fa,16,FINISHED,mlflow-artifacts:/16/22438cc2fa6a46f0ab2bc2437295e5fa/artifacts,2026-07-25 11:38:02.939000+00:00,2026-07-26 11:30:20.338000+00:00,0.9148,0.001,0.867,0.8863199949264526,0.860319972038269,0.8893,0.2672353684902191,0.6819,0.9316800236701965,0.8748,0.9324,0.38792240619659424,0.9297066926956177,0.8008,0.4575742185115814,0.9381960034370422,0.875,0.5963,0.870419979095459,0.916847825050354,0.9145525693893433,0.9005120992660522,16326661,9.0,85815.5,0.6097,0.912060022354126,5,512,None,1208579,0,1.0,50000,<class 'torch.optim.adam.Adam'>,0.001,epoch,300,0.001,50000,4,20000,128,LOCAL,47aac8de0199ae6ef04df6f26cc4189809b0ab9e,/home/onyxia/work/insee_internship/src/multilevel/train.py,fearless-shark-891,projet-text-classif,FastText + Label Attention
b0418ced6b1d465d96b6dfb3b5c3f274,16,FINISHED,mlflow-artifacts:/16/b0418ced6b1d465d96b6dfb3b5c3f274/artifacts,2026-07-26 21:17:34.406000+00:00,2026-07-27 07:03:54.453000+00:00,0.9158,0.001,0.868,0.8892800211906433,0.8598600029945374,0.8894,0.2703552842140198,0.6853,0.9305999875068665,0.8882,0.9314,0.3296281099319458,0.9275918006896973,0.8022,0.45865538716316223,0.9385981559753418,0.877,0.6007,0.8721399903297424,0.9094184041023254,0.9135348200798035,0.9061617255210876,6852613,11.0,35131.8,0.6239,0.9148399829864502,5,256,None,1208579,0,1.0,50000,<class 'torch.optim.adam.Adam'>,0.001,epoch,300,0.001,50000,4,20000,128,LOCAL,47aac8de0199ae6ef04df6f26cc4189809b0ab9e,/home/onyxia/work/insee_internship/src/multilevel/train.py,capricious-boar-832,projet-text-classif,FastText + Label Attention
5116944dfa65476091154b51ce71aa05,16,FINISHED,mlflow-artifacts:/16/5116944dfa65476091154b51ce71aa05/artifacts,2026-07-25 02:29:19.750000+00:00,2026-07-25 09:52:58.408000+00:00,0.9088,0.0005,0.8638,0.8832399845123291,0.8577200174331665,0.8852,0.3314741253852844,0.6499,0.9249799847602844,0.8538,0.9264,0.3317180573940277,0.9150208830833435,0.7783,0.4619136452674866,0.9293219447135925,0.8755,0.5788,0.8718199729919434,0.8989912867546082,0.8983426094055176,0.8903836607933044,827397,45.0,26604.1,0.606,0.9071000218391418,5,64,None,1208579,0,1.0,50000,<class 'torch.optim.adam.Adam'>,0.0005,epoch,300,0.0005,50000,4,10000,128,LOCAL,47aac8de0199ae6ef04df6f26cc4189809b0ab9e,/home/onyxia/work/insee_internship/src/multilevel/train.py,thundering-grub-677,projet-text-classif,FastText + Label Attention
224a2d8ef650472a89ff0d97d07f2e6f,16,FINISHED,mlflow-artifacts:/16/224a2d8ef650472a89ff0d97d07f2e6f/artifacts,2026-07-24 18:01:00.916000+00:00,2026-07-24 23:14:31.448000+00:00,0.9106,0.0005,0.8622,0.8850399851799011,0.862280011177063,0.8842,0.33826127648353577,0.6512,0.9232400059700012,0.8504,0.9232,0.2304489016532898,0.9154125452041626,0.7817,0.46408388018608093,0.9279958009719849,0.8745,0.5684,0.8719599843025208,0.8980667591094971,0.8972412347793579,0.890938937664032,1467397,30.0,18801.2,0.5941,0.9042800068855286,5,64,None,1258579,0,1.0,25000,<class 'torch.optim.adam.Adam'>,0.0005,epoch,300,0.0005,25000,4,20000,128,LOCAL,219300177caae6697e2deffda4a086e2e537cebe,/home/onyxia/work/insee_internship/src/multilevel/train.py,tasteful-worm-446,projet-text-classif,FastText + Label Attention
2112507d886347caa30e3e35f8454e3a,16,FINISHED,mlflow-artifacts:/16/2112507d886347caa30e3e35f8454e3a/artifacts,2026-07-25 21:36:19.651000+00:00,2026-07-26 04:48:38.461000+00:00,0.9074,0.0005,0.865,0.8827400207519531,0.8590599894523621,0.8834,0.32600173354148865,0.641,0.9259799718856812,0.8574,0.9227,0.32049843668937683,0.916756808757782,0.7767,0.4642393887042999,0.9289761185646057,0.8736,0.5772,0.8688399791717529,0.9004971981048584,0.8999188542366028,0.8922064900398254,3098629,17.0,25910.9,0.6031,0.9081000089645386,5,128,None,1208579,0,1.0,50000,<class 'torch.optim.adam.Adam'>,0.0005,epoch,300,0.0005,50000,4,20000,128,LOCAL,47aac8de0199ae6ef04df6f26cc4189809b0ab9e,/home/onyxia/work/insee_internship/src/multilevel/train.py,painted-mole-820,projet-text-classif,FastText + Label Attention
731d342cf5884364ba71e6f36f26b53c,16,FINISHED,mlflow-artifacts:/16/731d342cf5884364ba71e6f36f26b53c/artifacts,2026-07-24 07:16:45.183000+00:00,2026-07-25 11:37:16.215000+00:00,0.9131,0.0005,0.8631,0.8848599791526794,0.857699990272522,0.8878,0.26196885108947754,0.6719,0.9320999979972839,0.8712,0.9313,0.2819923758506775,0.9296578764915466,0.8064,0.46732938289642334,0.9379792213439941,0.8747,0.5923,0.8718799948692322,0.9142273664474487,0.9146898984909058,0.9077495336532593,16326661,11.0,101909.7,0.6166,0.9141799807548523,5,512,None,1208579,0,1.0,50000,<class 'torch.optim.adam.Adam'>,0.0005,epoch,300,0.0005,50000,4,20000,128,LOCAL,47aac8de0199ae6ef04df6f26cc4189809b0ab9e,/home/onyxia/work/insee_internship/src/multilevel/train.py,unleashed-carp-246,projet-text-classif,FastText + Label Attention
