run_id,experiment_id,status,artifact_uri,start_time,end_time,metrics.train_loss_step,min_val_loss,train_time_s,metrics.train_accuracy,test_accuracy,metrics.val_accuracy,metrics.epoch,metrics.train_loss_epoch,num_params,metrics.lr-Adam,test_f1_macro,params.n_train,n_head,params.scheduler_params/factor,params.agg,params.dataset,params.tokenizer,params.batch_size,params.epochs,params.train_fraction,emb_dim,params.optimizer_params/lr,params.scheduler_params/mode,lr,params.scheduler,params.scheduler_interval,params.optimizer_params/weight_decay,n_layers,params.n_classes,params.n_val,n_heads_label_attn,params.scheduler_params/patience,vocab_size,params.optimizer,params.n_test,tags.mlflow.runName,tags.mlflow.source.name,tags.mlflow.source.type,tags.mlflow.source.git.commit,tags.mlflow.user,architecture
3bb54c35ad194c8c81388ae909d492be,13,FINISHED,mlflow-artifacts:/13/3bb54c35ad194c8c81388ae909d492be/artifacts,2026-07-02 12:04:55.211000+00:00,2026-07-02 13:10:25.249000+00:00,0.32769379019737244,0.5262719392776489,3777.6,0.9016707539558411,0.8556,0.8493000268936157,31.0,0.32138189673423767,686503,0.0001,0.547,314230,None,0.5,mean,naf,wordpiece,128,100,0.26,256,0.0001,min,0.0001,<class 'torch.optim.lr_scheduler.ReduceLROnPlateau'>,epoch,0.0001,0,679,50000,None,2,2000,<class 'torch.optim.adam.Adam'>,50000,handsome-bat-300,/home/onyxia/work/insee_internship/src/train.py,LOCAL,c4294fec3a298cb08aabcffb4340f9a0e5ac1078,projet-text-classif,FastText
641deb51831e44bfa2c1e968f125e9ec,13,FINISHED,mlflow-artifacts:/13/641deb51831e44bfa2c1e968f125e9ec/artifacts,2026-07-02 12:04:36.722000+00:00,2026-07-02 13:22:08.455000+00:00,0.36036914587020874,0.5292801260948181,4460.6,0.9060338139533997,0.8557,0.8494399785995483,23.0,0.30386170744895935,1372327,0.0001,0.5583,314230,None,0.5,mean,naf,wordpiece,128,100,0.26,512,0.0001,min,0.0001,<class 'torch.optim.lr_scheduler.ReduceLROnPlateau'>,epoch,0.0001,0,679,50000,None,2,2000,<class 'torch.optim.adam.Adam'>,50000,fearless-eel-529,/home/onyxia/work/insee_internship/src/train.py,LOCAL,c4294fec3a298cb08aabcffb4340f9a0e5ac1078,projet-text-classif,FastText
53fbfe6fa0bc41c6b603dc2c6064d67b,13,FINISHED,mlflow-artifacts:/13/53fbfe6fa0bc41c6b603dc2c6064d67b/artifacts,2026-07-02 11:24:21.961000+00:00,2026-07-02 12:35:10.025000+00:00,0.3877556622028351,0.5327039361000061,4081.5,0.8980428576469421,0.8533,0.8486400246620178,51.0,0.338262140750885,343591,0.0001,0.5199,314230,None,0.5,mean,naf,wordpiece,128,100,0.26,128,0.0001,min,0.0001,<class 'torch.optim.lr_scheduler.ReduceLROnPlateau'>,epoch,0.0001,0,679,50000,None,2,2000,<class 'torch.optim.adam.Adam'>,50000,nimble-squid-164,/home/onyxia/work/insee_internship/src/train.py,LOCAL,c4294fec3a298cb08aabcffb4340f9a0e5ac1078,projet-text-classif,FastText
b898906361f3475eafe0a9aeff6e586f,13,FINISHED,mlflow-artifacts:/13/b898906361f3475eafe0a9aeff6e586f/artifacts,2026-07-02 18:24:23.256000+00:00,2026-07-02 19:16:18.365000+00:00,0.26373112201690674,0.5334314107894897,2931.5,0.9143461585044861,0.8557,0.8507800102233887,24.0,0.2830752730369568,1454503,0.0001,0.5453,314230,None,0.5,mean,naf,wordpiece,128,100,0.26,256,0.0001,min,0.0001,<class 'torch.optim.lr_scheduler.ReduceLROnPlateau'>,epoch,0.0001,0,679,50000,None,2,5000,<class 'torch.optim.adam.Adam'>,50000,gentle-grub-391,/home/onyxia/work/insee_internship/src/train.py,LOCAL,c4294fec3a298cb08aabcffb4340f9a0e5ac1078,projet-text-classif,FastText
c7997fe470794fc38bbf823efd0e5333,13,FINISHED,mlflow-artifacts:/13/c7997fe470794fc38bbf823efd0e5333/artifacts,2026-07-03 01:30:25.243000+00:00,2026-07-07 10:17:43.670000+00:00,0.30060094594955444,0.5376260280609131,3532.8,0.9154632091522217,0.8575,0.8495200276374817,18.0,0.27473732829093933,2908327,0.0001,0.5538,314230,None,0.5,mean,naf,wordpiece,128,100,0.26,512,0.0001,min,0.0001,<class 'torch.optim.lr_scheduler.ReduceLROnPlateau'>,epoch,0.0001,0,679,50000,None,2,5000,<class 'torch.optim.adam.Adam'>,50000,secretive-shark-455,/home/onyxia/work/insee_internship/src/train.py,LOCAL,c4294fec3a298cb08aabcffb4340f9a0e5ac1078,projet-text-classif,FastText
7a1d34f93b0e4098957f593485fd70c1,13,FINISHED,mlflow-artifacts:/13/7a1d34f93b0e4098957f593485fd70c1/artifacts,2026-07-02 14:26:50.013000+00:00,2026-07-02 14:49:52.204000+00:00,0.48547518253326416,0.5379438400268555,1150.4,0.8863284587860107,0.8531,0.8458200097084045,14.0,0.3709851801395416,343591,0.0005,0.5233,314230,None,0.5,mean,naf,wordpiece,128,100,0.26,128,0.0005,min,0.0005,<class 'torch.optim.lr_scheduler.ReduceLROnPlateau'>,epoch,0.0001,0,679,50000,None,2,2000,<class 'torch.optim.adam.Adam'>,50000,carefree-cub-641,/home/onyxia/work/insee_internship/src/train.py,LOCAL,c4294fec3a298cb08aabcffb4340f9a0e5ac1078,projet-text-classif,FastText
3c25bb0e352a4858a952c53c186a0c1a,13,FINISHED,mlflow-artifacts:/13/3c25bb0e352a4858a952c53c186a0c1a/artifacts,2026-07-02 16:58:07.355000+00:00,2026-07-02 17:49:11.349000+00:00,0.35693690180778503,0.5380560755729675,2830.9,0.9108360409736633,0.8545,0.8486999869346619,34.0,0.30025091767311096,727591,0.0001,0.5251,314230,None,0.5,mean,naf,wordpiece,128,100,0.26,128,0.0001,min,0.0001,<class 'torch.optim.lr_scheduler.ReduceLROnPlateau'>,epoch,0.0001,0,679,50000,None,2,5000,<class 'torch.optim.adam.Adam'>,50000,auspicious-cub-132,/home/onyxia/work/insee_internship/src/train.py,LOCAL,c4294fec3a298cb08aabcffb4340f9a0e5ac1078,projet-text-classif,FastText
e70eacf17d26438a92b7e397b95485b5,13,FINISHED,mlflow-artifacts:/13/e70eacf17d26438a92b7e397b95485b5/artifacts,2026-07-02 15:15:51.146000+00:00,2026-07-02 15:38:07.695000+00:00,0.37814220786094666,0.5412093997001648,1158.1,0.8871336579322815,0.8516,0.8461999893188477,9.0,0.36138156056404114,686503,0.0005,0.5264,314230,None,0.5,mean,naf,wordpiece,128,100,0.26,256,0.0005,min,0.0005,<class 'torch.optim.lr_scheduler.ReduceLROnPlateau'>,epoch,0.0001,0,679,50000,None,2,2000,<class 'torch.optim.adam.Adam'>,50000,mysterious-lamb-212,/home/onyxia/work/insee_internship/src/train.py,LOCAL,c4294fec3a298cb08aabcffb4340f9a0e5ac1078,projet-text-classif,FastText
3df8126528b74e19911ad164d021890a,13,FINISHED,mlflow-artifacts:/13/3df8126528b74e19911ad164d021890a/artifacts,2026-07-02 19:14:17.306000+00:00,2026-07-02 19:30:43.641000+00:00,0.3405030369758606,0.5450644493103027,780.8,0.8957387804985046,0.8516,0.8461400270462036,9.0,0.3374004364013672,727591,0.0005,0.5092,314230,None,0.5,mean,naf,wordpiece,128,100,0.26,128,0.0005,min,0.0005,<class 'torch.optim.lr_scheduler.ReduceLROnPlateau'>,epoch,0.0001,0,679,50000,None,2,5000,<class 'torch.optim.adam.Adam'>,50000,big-horse-964,/home/onyxia/work/insee_internship/src/train.py,LOCAL,c4294fec3a298cb08aabcffb4340f9a0e5ac1078,projet-text-classif,FastText
1550729517a4401da90829576e79044c,13,FINISHED,mlflow-artifacts:/13/1550729517a4401da90829576e79044c/artifacts,2026-07-02 15:46:08.855000+00:00,2026-07-02 16:06:57.400000+00:00,0.394043892621994,0.5469108819961548,1066.8,0.8758838772773743,0.8496,0.8428000211715698,13.0,0.40672945976257324,343591,0.001,0.5222,314230,None,0.5,mean,naf,wordpiece,128,100,0.26,128,0.001,min,0.001,<class 'torch.optim.lr_scheduler.ReduceLROnPlateau'>,epoch,0.0001,0,679,50000,None,2,2000,<class 'torch.optim.adam.Adam'>,50000,sassy-finch-621,/home/onyxia/work/insee_internship/src/train.py,LOCAL,c4294fec3a298cb08aabcffb4340f9a0e5ac1078,projet-text-classif,FastText
119541b31d0c429ca4aeeefe5628b190,13,FINISHED,mlflow-artifacts:/13/119541b31d0c429ca4aeeefe5628b190/artifacts,2026-07-02 23:45:21.895000+00:00,2026-07-03 00:32:54.741000+00:00,0.25852906703948975,0.5470627546310425,2676.9,0.9184291958808899,0.8544,0.8481600284576416,21.0,0.26876771450042725,2734503,0.0001,0.5347,314230,None,0.5,mean,naf,wordpiece,128,100,0.26,256,0.0001,min,0.0001,<class 'torch.optim.lr_scheduler.ReduceLROnPlateau'>,epoch,0.0001,0,679,50000,None,2,10000,<class 'torch.optim.adam.Adam'>,50000,thundering-fox-76,/home/onyxia/work/insee_internship/src/train.py,LOCAL,c4294fec3a298cb08aabcffb4340f9a0e5ac1078,projet-text-classif,FastText
06873e706bc6487d870f763757960d86,13,FINISHED,mlflow-artifacts:/13/06873e706bc6487d870f763757960d86/artifacts,2026-07-02 12:05:05.827000+00:00,2026-07-02 13:57:24.526000+00:00,0.4428441822528839,0.550926685333252,6569.2,0.8885879516601562,0.8505,0.8458600044250488,99.0,0.3821299374103546,172135,0.0001,0.4938,314230,None,0.5,mean,naf,wordpiece,128,100,0.26,64,0.0001,min,0.0001,<class 'torch.optim.lr_scheduler.ReduceLROnPlateau'>,epoch,0.0001,0,679,50000,None,2,2000,<class 'torch.optim.adam.Adam'>,50000,victorious-owl-655,/home/onyxia/work/insee_internship/src/train.py,LOCAL,c4294fec3a298cb08aabcffb4340f9a0e5ac1078,projet-text-classif,FastText
6baa3e3d7ebb4a8baa7c77e34e2b3a20,13,FINISHED,mlflow-artifacts:/13/6baa3e3d7ebb4a8baa7c77e34e2b3a20/artifacts,2026-07-02 15:46:27.684000+00:00,2026-07-02 16:24:45.261000+00:00,0.3260328769683838,0.5519803166389465,2123.6,0.8786494135856628,0.8497,0.8452600240707397,30.0,0.4099178910255432,172135,0.0005,0.4945,314230,None,0.5,mean,naf,wordpiece,128,100,0.26,64,0.0005,min,0.0005,<class 'torch.optim.lr_scheduler.ReduceLROnPlateau'>,epoch,0.0001,0,679,50000,None,2,2000,<class 'torch.optim.adam.Adam'>,50000,learned-roo-767,/home/onyxia/work/insee_internship/src/train.py,LOCAL,c4294fec3a298cb08aabcffb4340f9a0e5ac1078,projet-text-classif,FastText
659524dc6da348bca42dd42f2f78f534,13,FINISHED,mlflow-artifacts:/13/659524dc6da348bca42dd42f2f78f534/artifacts,2026-07-02 20:17:35.080000+00:00,2026-07-02 20:34:25.594000+00:00,0.39370566606521606,0.5530157685279846,763.6,0.8833370208740234,0.8488,0.8414199948310852,9.0,0.37820684909820557,727591,0.001,0.5065,314230,None,0.5,mean,naf,wordpiece,128,100,0.26,128,0.001,min,0.001,<class 'torch.optim.lr_scheduler.ReduceLROnPlateau'>,epoch,0.0001,0,679,50000,None,2,5000,<class 'torch.optim.adam.Adam'>,50000,thundering-kit-490,/home/onyxia/work/insee_internship/src/train.py,LOCAL,c4294fec3a298cb08aabcffb4340f9a0e5ac1078,projet-text-classif,FastText
0057b193bd8b49f59def51600782a097,13,FINISHED,mlflow-artifacts:/13/0057b193bd8b49f59def51600782a097/artifacts,2026-07-02 21:15:08.728000+00:00,2026-07-02 21:56:45.802000+00:00,0.27264612913131714,0.5549519658088684,2244.0,0.9157591462135315,0.8527,0.8468400239944458,28.0,0.28532305359840393,1367591,0.0001,0.5212,314230,None,0.5,mean,naf,wordpiece,128,100,0.26,128,0.0001,min,0.0001,<class 'torch.optim.lr_scheduler.ReduceLROnPlateau'>,epoch,0.0001,0,679,50000,None,2,10000,<class 'torch.optim.adam.Adam'>,50000,valuable-sloth-854,/home/onyxia/work/insee_internship/src/train.py,LOCAL,c4294fec3a298cb08aabcffb4340f9a0e5ac1078,projet-text-classif,FastText
3e31d21642d646589a339e4036d98cc8,13,FINISHED,mlflow-artifacts:/13/3e31d21642d646589a339e4036d98cc8/artifacts,2026-07-02 20:21:11.553000+00:00,2026-07-02 20:46:40.042000+00:00,0.40081632137298584,0.5550647377967834,1352.2,0.8933169841766357,0.8518,0.8447200059890747,20.0,0.355628103017807,364135,0.0005,0.5067,314230,None,0.5,mean,naf,wordpiece,128,100,0.26,64,0.0005,min,0.0005,<class 'torch.optim.lr_scheduler.ReduceLROnPlateau'>,epoch,0.0001,0,679,50000,None,2,5000,<class 'torch.optim.adam.Adam'>,50000,puzzled-fawn-960,/home/onyxia/work/insee_internship/src/train.py,LOCAL,c4294fec3a298cb08aabcffb4340f9a0e5ac1078,projet-text-classif,FastText
be13a813bdf94e3eb863c87dae0d8f69,13,FINISHED,mlflow-artifacts:/13/be13a813bdf94e3eb863c87dae0d8f69/artifacts,2026-07-02 20:59:11.900000+00:00,2026-07-02 21:20:29.641000+00:00,0.4113890528678894,0.5565778613090515,1098.1,0.8965980410575867,0.8528,0.8435800075531006,8.0,0.32643625140190125,1454503,0.0005,0.5337,314230,None,0.5,mean,naf,wordpiece,128,100,0.26,256,0.0005,min,0.0005,<class 'torch.optim.lr_scheduler.ReduceLROnPlateau'>,epoch,0.0001,0,679,50000,None,2,5000,<class 'torch.optim.adam.Adam'>,50000,puzzled-cod-237,/home/onyxia/work/insee_internship/src/train.py,LOCAL,c4294fec3a298cb08aabcffb4340f9a0e5ac1078,projet-text-classif,FastText
95d4f38fbf2a4c55878b4618d19bc21a,13,FINISHED,mlflow-artifacts:/13/95d4f38fbf2a4c55878b4618d19bc21a/artifacts,2026-07-02 21:18:12.310000+00:00,2026-07-02 21:48:31.162000+00:00,0.4363827109336853,0.5581609606742859,1640.3,0.8831747174263,0.8482,0.8433799743652344,24.0,0.3867134749889374,364135,0.001,0.4991,314230,None,0.5,mean,naf,wordpiece,128,100,0.26,64,0.001,min,0.001,<class 'torch.optim.lr_scheduler.ReduceLROnPlateau'>,epoch,0.0001,0,679,50000,None,2,5000,<class 'torch.optim.adam.Adam'>,50000,hilarious-fowl-270,/home/onyxia/work/insee_internship/src/train.py,LOCAL,c4294fec3a298cb08aabcffb4340f9a0e5ac1078,projet-text-classif,FastText
c5988825f7b74cd484144b78df17297a,13,FINISHED,mlflow-artifacts:/13/c5988825f7b74cd484144b78df17297a/artifacts,2026-07-02 18:09:53.059000+00:00,2026-07-02 19:17:19.791000+00:00,0.48052459955215454,0.5583905577659607,3857.1,0.9055469036102295,0.8513,0.8449000120162964,59.0,0.32697808742523193,364135,0.0001,0.5032,314230,None,0.5,mean,naf,wordpiece,128,100,0.26,64,0.0001,min,0.0001,<class 'torch.optim.lr_scheduler.ReduceLROnPlateau'>,epoch,0.0001,0,679,50000,None,2,5000,<class 'torch.optim.adam.Adam'>,50000,zealous-roo-322,/home/onyxia/work/insee_internship/src/train.py,LOCAL,c4294fec3a298cb08aabcffb4340f9a0e5ac1078,projet-text-classif,FastText
b16f3dfcfee8469091f044aefe95b850,13,FINISHED,mlflow-artifacts:/13/b16f3dfcfee8469091f044aefe95b850/artifacts,2026-07-02 17:12:03.516000+00:00,2026-07-02 17:36:40.496000+00:00,0.4029175639152527,0.5602027177810669,1292.4,0.8704802393913269,0.8475,0.8418800234794617,19.0,0.43928709626197815,172135,0.001,0.4897,314230,None,0.5,mean,naf,wordpiece,128,100,0.26,64,0.001,min,0.001,<class 'torch.optim.lr_scheduler.ReduceLROnPlateau'>,epoch,0.0001,0,679,50000,None,2,2000,<class 'torch.optim.adam.Adam'>,50000,tasteful-turtle-162,/home/onyxia/work/insee_internship/src/train.py,LOCAL,c4294fec3a298cb08aabcffb4340f9a0e5ac1078,projet-text-classif,FastText
b71f2e97775e46e8b754e88edde29e74,13,FINISHED,mlflow-artifacts:/13/b71f2e97775e46e8b754e88edde29e74/artifacts,2026-07-03 14:20:08.866000+00:00,2026-07-03 15:42:50.623000+00:00,0.37402641773223877,0.5602141618728638,4780.7,0.9222702980041504,0.8552,0.8473399877548218,18.0,0.2501961588859558,5468327,0.0001,0.5445,314230,None,0.5,mean,naf,wordpiece,128,100,0.26,512,0.0001,min,0.0001,<class 'torch.optim.lr_scheduler.ReduceLROnPlateau'>,epoch,0.0001,0,679,50000,None,2,10000,<class 'torch.optim.adam.Adam'>,50000,angry-loon-212,/home/onyxia/work/insee_internship/src/train.py,LOCAL,c4294fec3a298cb08aabcffb4340f9a0e5ac1078,projet-text-classif,FastText
c55b9d600ac440e884044f3ed12fae9c,13,FINISHED,mlflow-artifacts:/13/c55b9d600ac440e884044f3ed12fae9c/artifacts,2026-07-03 05:13:52.849000+00:00,2026-07-03 05:57:36.280000+00:00,0.2078527808189392,0.561256468296051,2445.1,0.9182509779930115,0.8523,0.8456000089645386,19.0,0.2713145613670349,5294503,0.0001,0.5245,314230,None,0.5,mean,naf,wordpiece,128,100,0.26,256,0.0001,min,0.0001,<class 'torch.optim.lr_scheduler.ReduceLROnPlateau'>,epoch,0.0001,0,679,50000,None,2,20000,<class 'torch.optim.adam.Adam'>,50000,gentle-roo-622,/home/onyxia/work/insee_internship/src/train.py,LOCAL,c4294fec3a298cb08aabcffb4340f9a0e5ac1078,projet-text-classif,FastText
db0365e7681942f1bd9f160efb83bf04,13,FINISHED,mlflow-artifacts:/13/db0365e7681942f1bd9f160efb83bf04/artifacts,2026-07-02 23:12:16.822000+00:00,2026-07-02 23:30:03.046000+00:00,0.3779412508010864,0.5617884993553162,883.2,0.902421772480011,0.8508,0.8433799743652344,10.0,0.3126978576183319,1367591,0.0005,0.5166,314230,None,0.5,mean,naf,wordpiece,128,100,0.26,128,0.0005,min,0.0005,<class 'torch.optim.lr_scheduler.ReduceLROnPlateau'>,epoch,0.0001,0,679,50000,None,2,10000,<class 'torch.optim.adam.Adam'>,50000,big-stoat-440,/home/onyxia/work/insee_internship/src/train.py,LOCAL,c4294fec3a298cb08aabcffb4340f9a0e5ac1078,projet-text-classif,FastText
43dd754c0b694026a8ee5e065dc72ad8,13,FINISHED,mlflow-artifacts:/13/43dd754c0b694026a8ee5e065dc72ad8/artifacts,2026-07-02 22:23:36.016000+00:00,2026-07-02 22:42:30.291000+00:00,0.5211808681488037,0.5660838484764099,956.8,0.875813901424408,0.8461,0.8411999940872192,7.0,0.39897021651268005,1454503,0.001,0.5294,314230,None,0.5,mean,naf,wordpiece,128,100,0.26,256,0.001,min,0.001,<class 'torch.optim.lr_scheduler.ReduceLROnPlateau'>,epoch,0.0001,0,679,50000,None,2,5000,<class 'torch.optim.adam.Adam'>,50000,overjoyed-newt-379,/home/onyxia/work/insee_internship/src/train.py,LOCAL,c4294fec3a298cb08aabcffb4340f9a0e5ac1078,projet-text-classif,FastText
cf23c552dae24312a5e6d785a9c73a08,13,FINISHED,mlflow-artifacts:/13/cf23c552dae24312a5e6d785a9c73a08/artifacts,2026-07-02 16:40:14.306000+00:00,2026-07-02 16:58:42.932000+00:00,0.4761683940887451,0.566290557384491,921.1,0.8710339665412903,0.8456,0.8395000100135803,7.0,0.41943109035491943,686503,0.001,0.5157,314230,None,0.5,mean,naf,wordpiece,128,100,0.26,256,0.001,min,0.001,<class 'torch.optim.lr_scheduler.ReduceLROnPlateau'>,epoch,0.0001,0,679,50000,None,2,2000,<class 'torch.optim.adam.Adam'>,50000,crawling-stork-510,/home/onyxia/work/insee_internship/src/train.py,LOCAL,c4294fec3a298cb08aabcffb4340f9a0e5ac1078,projet-text-classif,FastText
ee3643c1aae4491f9671a63190ed0b6c,13,FINISHED,mlflow-artifacts:/13/ee3643c1aae4491f9671a63190ed0b6c/artifacts,2026-07-03 00:06:16.170000+00:00,2026-07-03 00:20:10.547000+00:00,0.5432274341583252,0.5679938197135925,650.3,0.8843744993209839,0.846,0.8408799767494202,7.0,0.3729223310947418,1367591,0.001,0.5028,314230,None,0.5,mean,naf,wordpiece,128,100,0.26,128,0.001,min,0.001,<class 'torch.optim.lr_scheduler.ReduceLROnPlateau'>,epoch,0.0001,0,679,50000,None,2,10000,<class 'torch.optim.adam.Adam'>,50000,secretive-grub-805,/home/onyxia/work/insee_internship/src/train.py,LOCAL,c4294fec3a298cb08aabcffb4340f9a0e5ac1078,projet-text-classif,FastText
094aa45278864c4ea7b1fada8b221c35,13,FINISHED,mlflow-artifacts:/13/094aa45278864c4ea7b1fada8b221c35/artifacts,2026-07-03 00:18:00.936000+00:00,2026-07-03 00:40:10.785000+00:00,0.3132939338684082,0.5680379867553711,1152.0,0.900028645992279,0.8486,0.8437600135803223,15.0,0.3328198492527008,684135,0.0005,0.4962,314230,None,0.5,mean,naf,wordpiece,128,100,0.26,64,0.0005,min,0.0005,<class 'torch.optim.lr_scheduler.ReduceLROnPlateau'>,epoch,0.0001,0,679,50000,None,2,10000,<class 'torch.optim.adam.Adam'>,50000,unruly-shrike-976,/home/onyxia/work/insee_internship/src/train.py,LOCAL,c4294fec3a298cb08aabcffb4340f9a0e5ac1078,projet-text-classif,FastText
3b8d29f962364614aa114dc10c1a66fc,13,FINISHED,mlflow-artifacts:/13/3b8d29f962364614aa114dc10c1a66fc/artifacts,2026-07-03 01:06:30.608000+00:00,2026-07-03 01:48:39.222000+00:00,0.3479333817958832,0.5684331655502319,2347.3,0.9177926778793335,0.8513,0.8454399704933167,26.0,0.27788424491882324,2647591,0.0001,0.5183,314230,None,0.5,mean,naf,wordpiece,128,100,0.26,128,0.0001,min,0.0001,<class 'torch.optim.lr_scheduler.ReduceLROnPlateau'>,epoch,0.0001,0,679,50000,None,2,20000,<class 'torch.optim.adam.Adam'>,50000,luxuriant-elk-754,/home/onyxia/work/insee_internship/src/train.py,LOCAL,c4294fec3a298cb08aabcffb4340f9a0e5ac1078,projet-text-classif,FastText
fcf5096ec3f744e8b97672db9432e8a2,13,FINISHED,mlflow-artifacts:/13/fcf5096ec3f744e8b97672db9432e8a2/artifacts,2026-07-02 16:23:03.393000+00:00,2026-07-02 16:51:02.013000+00:00,0.310820996761322,0.5689246654510498,1491.5,0.8827769756317139,0.8468,0.8428000211715698,7.0,0.3720817267894745,1372327,0.0005,0.5326,314230,None,0.5,mean,naf,wordpiece,128,100,0.26,512,0.0005,min,0.0005,<class 'torch.optim.lr_scheduler.ReduceLROnPlateau'>,epoch,0.0001,0,679,50000,None,2,2000,<class 'torch.optim.adam.Adam'>,50000,nervous-rook-263,/home/onyxia/work/insee_internship/src/train.py,LOCAL,c4294fec3a298cb08aabcffb4340f9a0e5ac1078,projet-text-classif,FastText
31005bcd04104111a1c145e3f295e363,13,FINISHED,mlflow-artifacts:/13/31005bcd04104111a1c145e3f295e363/artifacts,2026-07-02 16:59:11.010000+00:00,2026-07-02 18:23:54.882000+00:00,0.6004059314727783,0.5694429874420166,4907.7,0.8689653873443604,0.844,0.8421000242233276,13.0,0.40674692392349243,948225,0.001,0.5039,314230,None,0.5,mean,naf,wordpiece,128,100,0.26,256,0.001,min,0.001,<class 'torch.optim.lr_scheduler.ReduceLROnPlateau'>,epoch,0.0001,0,679,50000,4,2,2000,<class 'torch.optim.adam.Adam'>,50000,placid-trout-781,/home/onyxia/work/insee_internship/src/train.py,LOCAL,c4294fec3a298cb08aabcffb4340f9a0e5ac1078,projet-text-classif,FastText + Label Attention
34fc048c1b2d4b019ca84f33bb28412f,13,FINISHED,mlflow-artifacts:/13/34fc048c1b2d4b019ca84f33bb28412f/artifacts,2026-07-03 01:06:54.502000+00:00,2026-07-03 01:32:02.290000+00:00,0.5362281799316406,0.570307195186615,1336.3,0.8884384036064148,0.8475,0.841159999370575,17.0,0.3698935806751251,684135,0.001,0.489,314230,None,0.5,mean,naf,wordpiece,128,100,0.26,64,0.001,min,0.001,<class 'torch.optim.lr_scheduler.ReduceLROnPlateau'>,epoch,0.0001,0,679,50000,None,2,10000,<class 'torch.optim.adam.Adam'>,50000,nosy-worm-33,/home/onyxia/work/insee_internship/src/train.py,LOCAL,c4294fec3a298cb08aabcffb4340f9a0e5ac1078,projet-text-classif,FastText
18d3b1968a084f10afde9dfb02cb9050,13,FINISHED,mlflow-artifacts:/13/18d3b1968a084f10afde9dfb02cb9050/artifacts,2026-07-03 02:54:14.488000+00:00,2026-07-03 03:11:42.126000+00:00,0.5406638383865356,0.5712789297103882,864.6,0.9035928845405579,0.8484,0.8422799706459045,9.0,0.3077603876590729,2647591,0.0005,0.5164,314230,None,0.5,mean,naf,wordpiece,128,100,0.26,128,0.0005,min,0.0005,<class 'torch.optim.lr_scheduler.ReduceLROnPlateau'>,epoch,0.0001,0,679,50000,None,2,20000,<class 'torch.optim.adam.Adam'>,50000,burly-midge-766,/home/onyxia/work/insee_internship/src/train.py,LOCAL,c4294fec3a298cb08aabcffb4340f9a0e5ac1078,projet-text-classif,FastText
9d831e2080034e6eb8c12adcf5a0c6a1,13,FINISHED,mlflow-artifacts:/13/9d831e2080034e6eb8c12adcf5a0c6a1/artifacts,2026-07-03 02:06:25.732000+00:00,2026-07-03 02:25:28.961000+00:00,0.2903398871421814,0.5714466571807861,972.2,0.8985997438430786,0.8514,0.8423600196838379,7.0,0.3197673559188843,2734503,0.0005,0.519,314230,None,0.5,mean,naf,wordpiece,128,100,0.26,256,0.0005,min,0.0005,<class 'torch.optim.lr_scheduler.ReduceLROnPlateau'>,epoch,0.0001,0,679,50000,None,2,10000,<class 'torch.optim.adam.Adam'>,50000,loud-shrew-761,/home/onyxia/work/insee_internship/src/train.py,LOCAL,c4294fec3a298cb08aabcffb4340f9a0e5ac1078,projet-text-classif,FastText
128c41f45567467ca0f5a179916e76f6,13,FINISHED,mlflow-artifacts:/13/128c41f45567467ca0f5a179916e76f6/artifacts,2026-07-02 22:17:00.792000+00:00,2026-07-02 23:17:24.386000+00:00,0.35926780104637146,0.5751712918281555,3450.8,0.9130509495735168,0.849,0.8438799977302551,45.0,0.3050069510936737,684135,0.0001,0.4945,314230,None,0.5,mean,naf,wordpiece,128,100,0.26,64,0.0001,min,0.0001,<class 'torch.optim.lr_scheduler.ReduceLROnPlateau'>,epoch,0.0001,0,679,50000,None,2,10000,<class 'torch.optim.adam.Adam'>,50000,classy-sponge-908,/home/onyxia/work/insee_internship/src/train.py,LOCAL,c4294fec3a298cb08aabcffb4340f9a0e5ac1078,projet-text-classif,FastText
c3701625162142f8a730f3f38f38d5a5,13,FINISHED,mlflow-artifacts:/13/c3701625162142f8a730f3f38f38d5a5/artifacts,2026-07-04 04:23:34.366000+00:00,2026-07-04 05:30:29.546000+00:00,0.31273531913757324,0.575377345085144,3827.1,0.9223307967185974,0.8549,0.8457599878311157,17.0,0.24980714917182922,10588327,0.0001,0.5476,314230,None,0.5,mean,naf,wordpiece,128,100,0.26,512,0.0001,min,0.0001,<class 'torch.optim.lr_scheduler.ReduceLROnPlateau'>,epoch,0.0001,0,679,50000,None,2,20000,<class 'torch.optim.adam.Adam'>,50000,legendary-ray-170,/home/onyxia/work/insee_internship/src/train.py,LOCAL,c4294fec3a298cb08aabcffb4340f9a0e5ac1078,projet-text-classif,FastText
88d18a5d7b8441aa94c3b39813b9c75f,13,FINISHED,mlflow-artifacts:/13/88d18a5d7b8441aa94c3b39813b9c75f/artifacts,2026-07-03 03:48:02.187000+00:00,2026-07-03 04:05:37.126000+00:00,0.4320211410522461,0.5759615302085876,875.4,0.8870572447776794,0.8459,0.8402400016784668,9.0,0.36302635073661804,2647591,0.001,0.5125,314230,None,0.5,mean,naf,wordpiece,128,100,0.26,128,0.001,min,0.001,<class 'torch.optim.lr_scheduler.ReduceLROnPlateau'>,epoch,0.0001,0,679,50000,None,2,20000,<class 'torch.optim.adam.Adam'>,50000,skillful-squid-574,/home/onyxia/work/insee_internship/src/train.py,LOCAL,c4294fec3a298cb08aabcffb4340f9a0e5ac1078,projet-text-classif,FastText
20f2faeaf8bd405f9c172b8a5338cdfc,13,FINISHED,mlflow-artifacts:/13/20f2faeaf8bd405f9c172b8a5338cdfc/artifacts,2026-07-03 04:26:13.564000+00:00,2026-07-03 04:59:21.290000+00:00,0.4814661145210266,0.5773080587387085,1803.7,0.8916748762130737,0.846,0.8385999798774719,24.0,0.3555070757865906,1324135,0.001,0.5015,314230,None,0.5,mean,naf,wordpiece,128,100,0.26,64,0.001,min,0.001,<class 'torch.optim.lr_scheduler.ReduceLROnPlateau'>,epoch,0.0001,0,679,50000,None,2,20000,<class 'torch.optim.adam.Adam'>,50000,fun-lark-413,/home/onyxia/work/insee_internship/src/train.py,LOCAL,c4294fec3a298cb08aabcffb4340f9a0e5ac1078,projet-text-classif,FastText
60731d0b7bef4e05b6ffbbda3e199f92,13,FINISHED,mlflow-artifacts:/13/60731d0b7bef4e05b6ffbbda3e199f92/artifacts,2026-07-02 22:42:56.368000+00:00,2026-07-02 23:44:55.179000+00:00,0.6600229740142822,0.5796206593513489,3542.6,0.8699615001678467,0.8437,0.8416000008583069,9.0,0.40937700867652893,1716225,0.001,0.4985,314230,None,0.5,mean,naf,wordpiece,128,100,0.26,256,0.001,min,0.001,<class 'torch.optim.lr_scheduler.ReduceLROnPlateau'>,epoch,0.0001,0,679,50000,4,2,5000,<class 'torch.optim.adam.Adam'>,50000,flawless-ox-653,/home/onyxia/work/insee_internship/src/train.py,LOCAL,c4294fec3a298cb08aabcffb4340f9a0e5ac1078,projet-text-classif,FastText + Label Attention
058ca76a6a5940e1aa3320cbc1536a14,13,FINISHED,mlflow-artifacts:/13/058ca76a6a5940e1aa3320cbc1536a14/artifacts,2026-07-03 03:32:46.018000+00:00,2026-07-03 03:53:51.998000+00:00,0.37578994035720825,0.5796301364898682,1073.9,0.9032619595527649,0.8483,0.8417800068855286,14.0,0.32116734981536865,1324135,0.0005,0.4914,314230,None,0.5,mean,naf,wordpiece,128,100,0.26,64,0.0005,min,0.0005,<class 'torch.optim.lr_scheduler.ReduceLROnPlateau'>,epoch,0.0001,0,679,50000,None,2,20000,<class 'torch.optim.adam.Adam'>,50000,efficient-fox-626,/home/onyxia/work/insee_internship/src/train.py,LOCAL,c4294fec3a298cb08aabcffb4340f9a0e5ac1078,projet-text-classif,FastText
be8538c987f74367aa9b36074189bf88,13,FINISHED,mlflow-artifacts:/13/be8538c987f74367aa9b36074189bf88/artifacts,2026-07-03 10:11:27.345000+00:00,2026-07-03 14:19:28.784000+00:00,0.3919660151004791,0.5804781913757324,14639.5,0.8691086173057556,0.8429,0.8416399955749512,14.0,0.409577876329422,3956737,0.001,0.4934,314230,None,0.5,mean,naf,wordpiece,128,100,0.26,512,0.001,min,0.001,<class 'torch.optim.lr_scheduler.ReduceLROnPlateau'>,epoch,0.0001,0,679,50000,4,2,5000,<class 'torch.optim.adam.Adam'>,50000,thundering-seal-850,/home/onyxia/work/insee_internship/src/train.py,LOCAL,c4294fec3a298cb08aabcffb4340f9a0e5ac1078,projet-text-classif,FastText + Label Attention
12a2d5846bfe4e15b15c0937369356f9,13,FINISHED,mlflow-artifacts:/13/12a2d5846bfe4e15b15c0937369356f9/artifacts,2026-07-02 17:37:08.467000+00:00,2026-07-02 18:09:23.266000+00:00,0.39386993646621704,0.5828142762184143,1737.0,0.8731057047843933,0.8451,0.8440999984741211,16.0,0.39862746000289917,187905,0.001,0.4883,314230,None,0.5,mean,naf,wordpiece,128,100,0.26,64,0.001,min,0.001,<class 'torch.optim.lr_scheduler.ReduceLROnPlateau'>,epoch,0.0001,0,679,50000,4,2,2000,<class 'torch.optim.adam.Adam'>,50000,gentle-trout-149,/home/onyxia/work/insee_internship/src/train.py,LOCAL,c4294fec3a298cb08aabcffb4340f9a0e5ac1078,projet-text-classif,FastText + Label Attention
62986c79492a40a69281b03ec22938df,13,FINISHED,mlflow-artifacts:/13/62986c79492a40a69281b03ec22938df/artifacts,2026-07-03 03:53:42.121000+00:00,2026-07-03 05:13:27.790000+00:00,0.3380335569381714,0.5832077264785767,4607.3,0.8796868324279785,0.8456,0.8427600264549255,12.0,0.37347546219825745,2996225,0.001,0.5036,314230,None,0.5,mean,naf,wordpiece,128,100,0.26,256,0.001,min,0.001,<class 'torch.optim.lr_scheduler.ReduceLROnPlateau'>,epoch,0.0001,0,679,50000,4,2,10000,<class 'torch.optim.adam.Adam'>,50000,crawling-snake-279,/home/onyxia/work/insee_internship/src/train.py,LOCAL,c4294fec3a298cb08aabcffb4340f9a0e5ac1078,projet-text-classif,FastText + Label Attention
388988bb41884eaa94435cb23c33260b,13,FINISHED,mlflow-artifacts:/13/388988bb41884eaa94435cb23c33260b/artifacts,2026-07-03 03:34:36.091000+00:00,2026-07-03 03:53:16.979000+00:00,0.3863116502761841,0.5833783745765686,946.6,0.8787925839424133,0.8447,0.8390200138092041,7.0,0.39135441184043884,2734503,0.001,0.5214,314230,None,0.5,mean,naf,wordpiece,128,100,0.26,256,0.001,min,0.001,<class 'torch.optim.lr_scheduler.ReduceLROnPlateau'>,epoch,0.0001,0,679,50000,None,2,10000,<class 'torch.optim.adam.Adam'>,50000,colorful-mule-937,/home/onyxia/work/insee_internship/src/train.py,LOCAL,c4294fec3a298cb08aabcffb4340f9a0e5ac1078,projet-text-classif,FastText
2ba3a9a7084c43cb814d77a62ab9a6cc,13,FINISHED,mlflow-artifacts:/13/2ba3a9a7084c43cb814d77a62ab9a6cc/artifacts,2026-07-03 07:29:55.573000+00:00,2026-07-03 07:49:00.064000+00:00,0.4304106533527374,0.5870862603187561,970.5,0.8993349075317383,0.8515,0.8411800265312195,7.0,0.315360963344574,5294503,0.0005,0.5217,314230,None,0.5,mean,naf,wordpiece,128,100,0.26,256,0.0005,min,0.0005,<class 'torch.optim.lr_scheduler.ReduceLROnPlateau'>,epoch,0.0001,0,679,50000,None,2,20000,<class 'torch.optim.adam.Adam'>,50000,traveling-koi-863,/home/onyxia/work/insee_internship/src/train.py,LOCAL,c4294fec3a298cb08aabcffb4340f9a0e5ac1078,projet-text-classif,FastText
5731f594adf549a4adf9113f7432a7b9,13,FINISHED,mlflow-artifacts:/13/5731f594adf549a4adf9113f7432a7b9/artifacts,2026-07-02 16:07:21.738000+00:00,2026-07-02 16:57:43.081000+00:00,0.4068794250488281,0.5873984098434448,2837.5,0.8780256509780884,0.8472,0.8442800045013428,14.0,0.3728182017803192,408577,0.001,0.4986,314230,None,0.5,mean,naf,wordpiece,128,100,0.26,128,0.001,min,0.001,<class 'torch.optim.lr_scheduler.ReduceLROnPlateau'>,epoch,0.0001,0,679,50000,4,2,2000,<class 'torch.optim.adam.Adam'>,50000,bright-doe-971,/home/onyxia/work/insee_internship/src/train.py,LOCAL,c4294fec3a298cb08aabcffb4340f9a0e5ac1078,projet-text-classif,FastText + Label Attention
f2e00fc83c324306af1713e6cc8a2568,13,FINISHED,mlflow-artifacts:/13/f2e00fc83c324306af1713e6cc8a2568/artifacts,2026-07-03 02:00:40.086000+00:00,2026-07-03 02:47:32.726000+00:00,0.3020017147064209,0.5889308452606201,2628.6,0.9144511818885803,0.8472,0.8412600159645081,38.0,0.29943108558654785,1324135,0.0001,0.4901,314230,None,0.5,mean,naf,wordpiece,128,100,0.26,64,0.0001,min,0.0001,<class 'torch.optim.lr_scheduler.ReduceLROnPlateau'>,epoch,0.0001,0,679,50000,None,2,20000,<class 'torch.optim.adam.Adam'>,50000,thoughtful-asp-310,/home/onyxia/work/insee_internship/src/train.py,LOCAL,c4294fec3a298cb08aabcffb4340f9a0e5ac1078,projet-text-classif,FastText
a04753f6a18b467a94fbb499d6e671d2,13,FINISHED,mlflow-artifacts:/13/a04753f6a18b467a94fbb499d6e671d2/artifacts,2026-07-03 05:32:37.726000+00:00,2026-07-03 06:00:47.390000+00:00,0.35285624861717224,0.5905047059059143,1501.3,0.8896031379699707,0.8471,0.839139997959137,7.0,0.3458523750305176,2908327,0.0005,0.5447,314230,None,0.5,mean,naf,wordpiece,128,100,0.26,512,0.0005,min,0.0005,<class 'torch.optim.lr_scheduler.ReduceLROnPlateau'>,epoch,0.0001,0,679,50000,None,2,5000,<class 'torch.optim.adam.Adam'>,50000,overjoyed-bear-64,/home/onyxia/work/insee_internship/src/train.py,LOCAL,c4294fec3a298cb08aabcffb4340f9a0e5ac1078,projet-text-classif,FastText
15abf4d561d049a78ea16d9f73843a39,13,FINISHED,mlflow-artifacts:/13/15abf4d561d049a78ea16d9f73843a39/artifacts,2026-07-04 12:29:02.677000+00:00,2026-07-04 17:05:05.916000+00:00,0.3432620167732239,0.592329740524292,16352.4,0.8812875747680664,0.8435,0.8399199843406677,15.0,0.3697627782821655,11636737,0.001,0.4887,314230,None,0.5,mean,naf,wordpiece,128,100,0.26,512,0.001,min,0.001,<class 'torch.optim.lr_scheduler.ReduceLROnPlateau'>,epoch,0.0001,0,679,50000,4,2,20000,<class 'torch.optim.adam.Adam'>,50000,magnificent-bat-486,/home/onyxia/work/insee_internship/src/train.py,LOCAL,c4294fec3a298cb08aabcffb4340f9a0e5ac1078,projet-text-classif,FastText + Label Attention
33647cdee1954dce9984bf89435a6c24,13,FINISHED,mlflow-artifacts:/13/33647cdee1954dce9984bf89435a6c24/artifacts,2026-07-03 08:59:47.342000+00:00,2026-07-03 09:20:32.267000+00:00,0.46178343892097473,0.5924956202507019,1056.8,0.8794322609901428,0.8411,0.8367400169372559,6.0,0.3915332853794098,5294503,0.001,0.5,314230,None,0.5,mean,naf,wordpiece,128,100,0.26,256,0.001,min,0.001,<class 'torch.optim.lr_scheduler.ReduceLROnPlateau'>,epoch,0.0001,0,679,50000,None,2,20000,<class 'torch.optim.adam.Adam'>,50000,crawling-steed-92,/home/onyxia/work/insee_internship/src/train.py,LOCAL,c4294fec3a298cb08aabcffb4340f9a0e5ac1078,projet-text-classif,FastText
3c3abec797f243db90fc084bdeecb4f4,13,FINISHED,mlflow-artifacts:/13/3c3abec797f243db90fc084bdeecb4f4/artifacts,2026-07-02 14:50:17.271000+00:00,2026-07-02 15:45:45.674000+00:00,0.37444841861724854,0.5948401093482971,3033.1,0.887254536151886,0.8445,0.8445199728012085,15.0,0.3407875597476959,408577,0.0005,0.487,314230,None,0.5,mean,naf,wordpiece,128,100,0.26,128,0.0005,min,0.0005,<class 'torch.optim.lr_scheduler.ReduceLROnPlateau'>,epoch,0.0001,0,679,50000,4,2,2000,<class 'torch.optim.adam.Adam'>,50000,fortunate-panda-460,/home/onyxia/work/insee_internship/src/train.py,LOCAL,c4294fec3a298cb08aabcffb4340f9a0e5ac1078,projet-text-classif,FastText + Label Attention
23bc6296ceef45a38e9192d21593ac14,13,FINISHED,mlflow-artifacts:/13/23bc6296ceef45a38e9192d21593ac14/artifacts,2026-07-02 16:51:25.467000+00:00,2026-07-02 19:18:33.454000+00:00,0.3498381972312927,0.5952660441398621,8636.4,0.8710244297981262,0.8406,0.8411800265312195,8.0,0.3996136784553528,2420737,0.0005,0.4766,314230,None,0.5,mean,naf,wordpiece,128,100,0.26,512,0.0005,min,0.0005,<class 'torch.optim.lr_scheduler.ReduceLROnPlateau'>,epoch,0.0001,0,679,50000,4,2,2000,<class 'torch.optim.adam.Adam'>,50000,carefree-bat-543,/home/onyxia/work/insee_internship/src/train.py,LOCAL,c4294fec3a298cb08aabcffb4340f9a0e5ac1078,projet-text-classif,FastText + Label Attention
3c2e4fc7325d4a33b626d28ffea33c6d,13,FINISHED,mlflow-artifacts:/13/3c2e4fc7325d4a33b626d28ffea33c6d/artifacts,2026-07-02 16:25:12.862000+00:00,2026-07-02 17:11:36.218000+00:00,0.46091026067733765,0.5958518385887146,2583.4,0.8813003301620483,0.8461,0.8436400294303894,25.0,0.3654937446117401,187905,0.0005,0.5052,314230,None,0.5,mean,naf,wordpiece,128,100,0.26,64,0.0005,min,0.0005,<class 'torch.optim.lr_scheduler.ReduceLROnPlateau'>,epoch,0.0001,0,679,50000,4,2,2000,<class 'torch.optim.adam.Adam'>,50000,auspicious-mule-233,/home/onyxia/work/insee_internship/src/train.py,LOCAL,c4294fec3a298cb08aabcffb4340f9a0e5ac1078,projet-text-classif,FastText + Label Attention
4d9658fa059e46468575e78105ea9a3d,13,FINISHED,mlflow-artifacts:/13/4d9658fa059e46468575e78105ea9a3d/artifacts,2026-07-03 09:20:58.624000+00:00,2026-07-03 10:42:54.094000+00:00,0.4904179573059082,0.5966639518737793,4737.8,0.8784425258636475,0.8434,0.8366600275039673,11.0,0.38521504402160645,5556225,0.001,0.5107,314230,None,0.5,mean,naf,wordpiece,128,100,0.26,256,0.001,min,0.001,<class 'torch.optim.lr_scheduler.ReduceLROnPlateau'>,epoch,0.0001,0,679,50000,4,2,20000,<class 'torch.optim.adam.Adam'>,50000,placid-goose-845,/home/onyxia/work/insee_internship/src/train.py,LOCAL,c4294fec3a298cb08aabcffb4340f9a0e5ac1078,projet-text-classif,FastText + Label Attention
977ac2c2477d41418b8d4f2bb83c2fc0,13,FINISHED,mlflow-artifacts:/13/977ac2c2477d41418b8d4f2bb83c2fc0/artifacts,2026-07-02 21:48:59.715000+00:00,2026-07-07 09:57:37.226000+00:00,0.3342219889163971,0.5992133021354675,1461.2,0.88641756772995,0.8477,0.8422200083732605,14.0,0.3465185761451721,379905,0.001,0.5017,314230,None,0.5,mean,naf,wordpiece,128,100,0.26,64,0.001,min,0.001,<class 'torch.optim.lr_scheduler.ReduceLROnPlateau'>,epoch,0.0001,0,679,50000,4,2,5000,<class 'torch.optim.adam.Adam'>,50000,sneaky-panda-657,/home/onyxia/work/insee_internship/src/train.py,LOCAL,c4294fec3a298cb08aabcffb4340f9a0e5ac1078,projet-text-classif,FastText + Label Attention
02a84483143a467a8bd1a762f3581a05,13,FINISHED,mlflow-artifacts:/13/02a84483143a467a8bd1a762f3581a05/artifacts,2026-07-03 08:46:10.582000+00:00,2026-07-03 10:11:02.846000+00:00,0.5135706663131714,0.6000581383705139,4907.8,0.8855679035186768,0.8436,0.8385800123214722,25.0,0.36145803332328796,2908327,0.001,0.5196,314230,None,0.5,mean,naf,wordpiece,128,100,0.26,512,0.001,min,0.001,<class 'torch.optim.lr_scheduler.ReduceLROnPlateau'>,epoch,0.0001,0,679,50000,None,2,5000,<class 'torch.optim.adam.Adam'>,50000,worried-shrimp-54,/home/onyxia/work/insee_internship/src/train.py,LOCAL,c4294fec3a298cb08aabcffb4340f9a0e5ac1078,projet-text-classif,FastText
b1fae8454dcc42718068535b929fe39c,13,FINISHED,mlflow-artifacts:/13/b1fae8454dcc42718068535b929fe39c/artifacts,2026-07-02 15:38:33.044000+00:00,2026-07-02 16:39:45.743000+00:00,0.5867204666137695,0.6002669334411621,3493.3,0.8816121816635132,0.8451,0.8432599902153015,9.0,0.35790133476257324,948225,0.0005,0.4832,314230,None,0.5,mean,naf,wordpiece,128,100,0.26,256,0.0005,min,0.0005,<class 'torch.optim.lr_scheduler.ReduceLROnPlateau'>,epoch,0.0001,0,679,50000,4,2,2000,<class 'torch.optim.adam.Adam'>,50000,serious-cat-793,/home/onyxia/work/insee_internship/src/train.py,LOCAL,c4294fec3a298cb08aabcffb4340f9a0e5ac1078,projet-text-classif,FastText + Label Attention
b9dff163a4974ed1b6dfaede941fe2fd,13,FINISHED,mlflow-artifacts:/13/b9dff163a4974ed1b6dfaede941fe2fd/artifacts,2026-07-02 19:18:57.393000+00:00,2026-07-02 19:50:19.611000+00:00,0.3966373801231384,0.6020103693008423,1695.4,0.8633803129196167,0.8403,0.8348600268363953,8.0,0.4506131410598755,1372327,0.001,0.5152,314230,None,0.5,mean,naf,wordpiece,128,100,0.26,512,0.001,min,0.001,<class 'torch.optim.lr_scheduler.ReduceLROnPlateau'>,epoch,0.0001,0,679,50000,None,2,2000,<class 'torch.optim.adam.Adam'>,50000,selective-zebra-586,/home/onyxia/work/insee_internship/src/train.py,LOCAL,c4294fec3a298cb08aabcffb4340f9a0e5ac1078,projet-text-classif,FastText
68ea26d4dcc44cf9b454fd940cb7c201,13,FINISHED,mlflow-artifacts:/13/68ea26d4dcc44cf9b454fd940cb7c201/artifacts,2026-07-02 19:50:43.825000+00:00,2026-07-03 01:30:00.968000+00:00,0.37190529704093933,0.602588415145874,20159.8,0.8679693341255188,0.8399,0.8373399972915649,20.0,0.4071226716041565,2420737,0.001,0.4817,314230,None,0.5,mean,naf,wordpiece,128,100,0.26,512,0.001,min,0.001,<class 'torch.optim.lr_scheduler.ReduceLROnPlateau'>,epoch,0.0001,0,679,50000,4,2,2000,<class 'torch.optim.adam.Adam'>,50000,rumbling-elk-339,/home/onyxia/work/insee_internship/src/train.py,LOCAL,c4294fec3a298cb08aabcffb4340f9a0e5ac1078,projet-text-classif,FastText + Label Attention
9cc7c8279abb43c6af8ebe506d729073,13,FINISHED,mlflow-artifacts:/13/9cc7c8279abb43c6af8ebe506d729073/artifacts,2026-07-03 19:00:40.833000+00:00,2026-07-03 19:30:03.406000+00:00,0.388698548078537,0.6033004522323608,1579.3,0.8912420868873596,0.8491,0.8388599753379822,7.0,0.34144484996795654,5468327,0.0005,0.5327,314230,None,0.5,mean,naf,wordpiece,128,100,0.26,512,0.0005,min,0.0005,<class 'torch.optim.lr_scheduler.ReduceLROnPlateau'>,epoch,0.0001,0,679,50000,None,2,10000,<class 'torch.optim.adam.Adam'>,50000,trusting-mule-136,/home/onyxia/work/insee_internship/src/train.py,LOCAL,c4294fec3a298cb08aabcffb4340f9a0e5ac1078,projet-text-classif,FastText
aa39b2801a6d41bd9e8d2746e2e2a52c,13,FINISHED,mlflow-artifacts:/13/aa39b2801a6d41bd9e8d2746e2e2a52c/artifacts,2026-07-03 00:20:34.839000+00:00,2026-07-03 01:06:04.095000+00:00,0.48156416416168213,0.604880154132843,2544.7,0.8882347345352173,0.8439,0.8426600098609924,12.0,0.3432348072528839,1432577,0.001,0.4952,314230,None,0.5,mean,naf,wordpiece,128,100,0.26,128,0.001,min,0.001,<class 'torch.optim.lr_scheduler.ReduceLROnPlateau'>,epoch,0.0001,0,679,50000,4,2,10000,<class 'torch.optim.adam.Adam'>,50000,gentle-hawk-499,/home/onyxia/work/insee_internship/src/train.py,LOCAL,c4294fec3a298cb08aabcffb4340f9a0e5ac1078,projet-text-classif,FastText + Label Attention
3f49311a5ae14d98859b8dc31cbf78d7,13,FINISHED,mlflow-artifacts:/13/3f49311a5ae14d98859b8dc31cbf78d7/artifacts,2026-07-03 23:07:09.140000+00:00,2026-07-04 04:22:50.388000+00:00,0.36387431621551514,0.6086316108703613,18666.0,0.8777710795402527,0.841,0.8367199897766113,17.0,0.3784821927547455,6516737,0.001,0.5027,314230,None,0.5,mean,naf,wordpiece,128,100,0.26,512,0.001,min,0.001,<class 'torch.optim.lr_scheduler.ReduceLROnPlateau'>,epoch,0.0001,0,679,50000,4,2,10000,<class 'torch.optim.adam.Adam'>,50000,ambitious-sloth-542,/home/onyxia/work/insee_internship/src/train.py,LOCAL,c4294fec3a298cb08aabcffb4340f9a0e5ac1078,projet-text-classif,FastText + Label Attention
26fa425d282f4f9899150fcd655b975f,13,FINISHED,mlflow-artifacts:/13/26fa425d282f4f9899150fcd655b975f/artifacts,2026-07-03 22:15:40.822000+00:00,2026-07-03 23:06:39.259000+00:00,0.5632294416427612,0.6089950799942017,2802.6,0.8814690113067627,0.8407,0.8382999897003174,13.0,0.3790896236896515,5468327,0.001,0.5035,314230,None,0.5,mean,naf,wordpiece,128,100,0.26,512,0.001,min,0.001,<class 'torch.optim.lr_scheduler.ReduceLROnPlateau'>,epoch,0.0001,0,679,50000,None,2,10000,<class 'torch.optim.adam.Adam'>,50000,trusting-mouse-647,/home/onyxia/work/insee_internship/src/train.py,LOCAL,c4294fec3a298cb08aabcffb4340f9a0e5ac1078,projet-text-classif,FastText
52bb03caf4cd4dfc82b683dedaf500c6,13,FINISHED,mlflow-artifacts:/13/52bb03caf4cd4dfc82b683dedaf500c6/artifacts,2026-07-03 19:30:29.161000+00:00,2026-07-03 22:15:16.899000+00:00,0.40807393193244934,0.6093101501464844,9696.4,0.8861470818519592,0.8413,0.8389599919319153,9.0,0.352178692817688,6516737,0.0005,0.5029,314230,None,0.5,mean,naf,wordpiece,128,100,0.26,512,0.0005,min,0.0005,<class 'torch.optim.lr_scheduler.ReduceLROnPlateau'>,epoch,0.0001,0,679,50000,4,2,10000,<class 'torch.optim.adam.Adam'>,50000,angry-yak-240,/home/onyxia/work/insee_internship/src/train.py,LOCAL,c4294fec3a298cb08aabcffb4340f9a0e5ac1078,projet-text-classif,FastText + Label Attention
fb17e87c36b548499932b5c05c93a009,13,FINISHED,mlflow-artifacts:/13/fb17e87c36b548499932b5c05c93a009/artifacts,2026-07-02 12:35:35.872000+00:00,2026-07-02 14:26:25.226000+00:00,0.4760429859161377,0.6093267202377319,6429.8,0.8806638717651367,0.8455,0.8411399722099304,33.0,0.3860931694507599,408577,0.0001,0.4894,314230,None,0.5,mean,naf,wordpiece,128,100,0.26,128,0.0001,min,0.0001,<class 'torch.optim.lr_scheduler.ReduceLROnPlateau'>,epoch,0.0001,0,679,50000,4,2,2000,<class 'torch.optim.adam.Adam'>,50000,lyrical-tern-955,/home/onyxia/work/insee_internship/src/train.py,LOCAL,c4294fec3a298cb08aabcffb4340f9a0e5ac1078,projet-text-classif,FastText + Label Attention
7265ffa7208e4ec0a03752af11bfc4c1,13,FINISHED,mlflow-artifacts:/13/7265ffa7208e4ec0a03752af11bfc4c1/artifacts,2026-07-03 06:01:12.207000+00:00,2026-07-03 08:45:45.534000+00:00,0.37701281905174255,0.6116200089454651,9686.5,0.8813098669052124,0.8435,0.8383200168609619,9.0,0.36067497730255127,3956737,0.0005,0.5042,314230,None,0.5,mean,naf,wordpiece,128,100,0.26,512,0.0005,min,0.0005,<class 'torch.optim.lr_scheduler.ReduceLROnPlateau'>,epoch,0.0001,0,679,50000,4,2,5000,<class 'torch.optim.adam.Adam'>,50000,learned-yak-237,/home/onyxia/work/insee_internship/src/train.py,LOCAL,c4294fec3a298cb08aabcffb4340f9a0e5ac1078,projet-text-classif,FastText + Label Attention
98621d28b7a045398e8168fa2846667e,13,FINISHED,mlflow-artifacts:/13/98621d28b7a045398e8168fa2846667e/artifacts,2026-07-02 13:10:55.822000+00:00,2026-07-02 15:15:25.687000+00:00,0.33711203932762146,0.6127321720123291,7293.0,0.8897304534912109,0.8459,0.8446000218391418,19.0,0.34112435579299927,948225,0.0001,0.4892,314230,None,0.5,mean,naf,wordpiece,128,100,0.26,256,0.0001,min,0.0001,<class 'torch.optim.lr_scheduler.ReduceLROnPlateau'>,epoch,0.0001,0,679,50000,4,2,2000,<class 'torch.optim.adam.Adam'>,50000,lyrical-seal-368,/home/onyxia/work/insee_internship/src/train.py,LOCAL,c4294fec3a298cb08aabcffb4340f9a0e5ac1078,projet-text-classif,FastText + Label Attention
824ac62cf2104ce2b28b8f13b017a58c,13,FINISHED,mlflow-artifacts:/13/824ac62cf2104ce2b28b8f13b017a58c/artifacts,2026-07-04 08:34:24.896000+00:00,2026-07-04 09:05:35.770000+00:00,0.4964703917503357,0.614021897315979,1656.8,0.8925595879554749,0.8484,0.8369399905204773,7.0,0.3389110267162323,10588327,0.0005,0.524,314230,None,0.5,mean,naf,wordpiece,128,100,0.26,512,0.0005,min,0.0005,<class 'torch.optim.lr_scheduler.ReduceLROnPlateau'>,epoch,0.0001,0,679,50000,None,2,20000,<class 'torch.optim.adam.Adam'>,50000,powerful-moth-540,/home/onyxia/work/insee_internship/src/train.py,LOCAL,c4294fec3a298cb08aabcffb4340f9a0e5ac1078,projet-text-classif,FastText
fd71c0823a864e7489a0ff5dc2f309d5,13,FINISHED,mlflow-artifacts:/13/fd71c0823a864e7489a0ff5dc2f309d5/artifacts,2026-07-04 09:06:09.138000+00:00,2026-07-04 11:36:28.256000+00:00,0.4155977964401245,0.6164520978927612,8827.7,0.8863062262535095,0.8386,0.8353800177574158,8.0,0.3554888665676117,11636737,0.0005,0.4884,314230,None,0.5,mean,naf,wordpiece,128,100,0.26,512,0.0005,min,0.0005,<class 'torch.optim.lr_scheduler.ReduceLROnPlateau'>,epoch,0.0001,0,679,50000,4,2,20000,<class 'torch.optim.adam.Adam'>,50000,adaptable-hare-262,/home/onyxia/work/insee_internship/src/train.py,LOCAL,c4294fec3a298cb08aabcffb4340f9a0e5ac1078,projet-text-classif,FastText + Label Attention
8befd09a60f2407ea55387e104252583,13,FINISHED,mlflow-artifacts:/13/8befd09a60f2407ea55387e104252583/artifacts,2026-07-02 20:34:49.973000+00:00,2026-07-02 21:14:43.954000+00:00,0.2275039553642273,0.6182459592819214,2103.7,0.88118577003479,0.8458,0.8432199954986572,10.0,0.3616897463798523,792577,0.001,0.4952,314230,None,0.5,mean,naf,wordpiece,128,100,0.26,128,0.001,min,0.001,<class 'torch.optim.lr_scheduler.ReduceLROnPlateau'>,epoch,0.0001,0,679,50000,4,2,5000,<class 'torch.optim.adam.Adam'>,50000,kindly-crab-643,/home/onyxia/work/insee_internship/src/train.py,LOCAL,c4294fec3a298cb08aabcffb4340f9a0e5ac1078,projet-text-classif,FastText + Label Attention
77d4ee53ba46487cbb3c27beac47ab90,13,FINISHED,mlflow-artifacts:/13/77d4ee53ba46487cbb3c27beac47ab90/artifacts,2026-07-02 13:57:53.486000+00:00,2026-07-02 15:45:56.901000+00:00,0.43634670972824097,0.6236411929130554,6296.3,0.8746968507766724,0.842,0.8385999798774719,62.0,0.4111464321613312,187905,0.0001,0.4694,314230,None,0.5,mean,naf,wordpiece,128,100,0.26,64,0.0001,min,0.0001,<class 'torch.optim.lr_scheduler.ReduceLROnPlateau'>,epoch,0.0001,0,679,50000,4,2,2000,<class 'torch.optim.adam.Adam'>,50000,resilient-rat-444,/home/onyxia/work/insee_internship/src/train.py,LOCAL,c4294fec3a298cb08aabcffb4340f9a0e5ac1078,projet-text-classif,FastText + Label Attention
b9e11e8961d34c6497493fe4fb0ba606,13,FINISHED,mlflow-artifacts:/13/b9e11e8961d34c6497493fe4fb0ba606/artifacts,2026-07-04 11:36:55.326000+00:00,2026-07-04 12:28:37.794000+00:00,0.28271472454071045,0.6246975660324097,2912.9,0.8836425542831421,0.8387,0.833899974822998,13.0,0.37622442841529846,10588327,0.001,0.5053,314230,None,0.5,mean,naf,wordpiece,128,100,0.26,512,0.001,min,0.001,<class 'torch.optim.lr_scheduler.ReduceLROnPlateau'>,epoch,0.0001,0,679,50000,None,2,20000,<class 'torch.optim.adam.Adam'>,50000,polite-squirrel-897,/home/onyxia/work/insee_internship/src/train.py,LOCAL,c4294fec3a298cb08aabcffb4340f9a0e5ac1078,projet-text-classif,FastText
70e0ebf78d64402e90544d1ad7a193ea,13,FINISHED,mlflow-artifacts:/13/70e0ebf78d64402e90544d1ad7a193ea/artifacts,2026-07-02 19:31:08.077000+00:00,2026-07-02 20:17:10.420000+00:00,0.19964775443077087,0.6262472867965698,2477.6,0.8984151482582092,0.8477,0.8432999849319458,12.0,0.302490770816803,792577,0.0005,0.5015,314230,None,0.5,mean,naf,wordpiece,128,100,0.26,128,0.0005,min,0.0005,<class 'torch.optim.lr_scheduler.ReduceLROnPlateau'>,epoch,0.0001,0,679,50000,4,2,5000,<class 'torch.optim.adam.Adam'>,50000,shivering-yak-280,/home/onyxia/work/insee_internship/src/train.py,LOCAL,c4294fec3a298cb08aabcffb4340f9a0e5ac1078,projet-text-classif,FastText + Label Attention
5a6c8264890e4f069886650ff029f7cb,13,FINISHED,mlflow-artifacts:/13/5a6c8264890e4f069886650ff029f7cb/artifacts,2026-07-03 04:06:02.773000+00:00,2026-07-03 05:04:51.430000+00:00,0.48545050621032715,0.6266375780105591,3344.3,0.8936066031455994,0.8437,0.8392800092697144,16.0,0.32728177309036255,2712577,0.001,0.5153,314230,None,0.5,mean,naf,wordpiece,128,100,0.26,128,0.001,min,0.001,<class 'torch.optim.lr_scheduler.ReduceLROnPlateau'>,epoch,0.0001,0,679,50000,4,2,20000,<class 'torch.optim.adam.Adam'>,50000,gentle-pug-614,/home/onyxia/work/insee_internship/src/train.py,LOCAL,c4294fec3a298cb08aabcffb4340f9a0e5ac1078,projet-text-classif,FastText + Label Attention
425e1679ec544f90b7a9d644a6bc4a14,13,FINISHED,mlflow-artifacts:/13/425e1679ec544f90b7a9d644a6bc4a14/artifacts,2026-07-03 04:59:50.454000+00:00,2026-07-03 05:35:06.004000+00:00,0.3118268847465515,0.6285982131958008,1912.2,0.8981096744537354,0.8449,0.8433200120925903,17.0,0.31029418110847473,1339905,0.001,0.4963,314230,None,0.5,mean,naf,wordpiece,128,100,0.26,64,0.001,min,0.001,<class 'torch.optim.lr_scheduler.ReduceLROnPlateau'>,epoch,0.0001,0,679,50000,4,2,20000,<class 'torch.optim.adam.Adam'>,50000,bright-colt-303,/home/onyxia/work/insee_internship/src/train.py,LOCAL,c4294fec3a298cb08aabcffb4340f9a0e5ac1078,projet-text-classif,FastText + Label Attention
8539bc0a84d14108ac8a597f794e88aa,13,FINISHED,mlflow-artifacts:/13/8539bc0a84d14108ac8a597f794e88aa/artifacts,2026-07-03 01:32:31.774000+00:00,2026-07-03 02:00:10.606000+00:00,0.474417507648468,0.6292162537574768,1459.9,0.8905960321426392,0.846,0.8424800038337708,13.0,0.33456045389175415,699905,0.001,0.4909,314230,None,0.5,mean,naf,wordpiece,128,100,0.26,64,0.001,min,0.001,<class 'torch.optim.lr_scheduler.ReduceLROnPlateau'>,epoch,0.0001,0,679,50000,4,2,10000,<class 'torch.optim.adam.Adam'>,50000,gregarious-sheep-182,/home/onyxia/work/insee_internship/src/train.py,LOCAL,c4294fec3a298cb08aabcffb4340f9a0e5ac1078,projet-text-classif,FastText + Label Attention
972a14982d52424889938ea023bdad8d,13,FINISHED,mlflow-artifacts:/13/972a14982d52424889938ea023bdad8d/artifacts,2026-07-03 02:25:55.174000+00:00,2026-07-03 03:34:09.992000+00:00,0.31016039848327637,0.6335411667823792,3918.1,0.9007064700126648,0.8449,0.8415200114250183,10.0,0.2973887026309967,2996225,0.0005,0.4999,314230,None,0.5,mean,naf,wordpiece,128,100,0.26,256,0.0005,min,0.0005,<class 'torch.optim.lr_scheduler.ReduceLROnPlateau'>,epoch,0.0001,0,679,50000,4,2,10000,<class 'torch.optim.adam.Adam'>,50000,masked-stoat-442,/home/onyxia/work/insee_internship/src/train.py,LOCAL,c4294fec3a298cb08aabcffb4340f9a0e5ac1078,projet-text-classif,FastText + Label Attention
eb78a3bb45ef4022859b3b1a7d4c450e,13,FINISHED,mlflow-artifacts:/13/eb78a3bb45ef4022859b3b1a7d4c450e/artifacts,2026-07-02 19:16:45.475000+00:00,2026-07-02 20:58:45.602000+00:00,0.3185957372188568,0.6348196864128113,5946.3,0.8957833647727966,0.8461,0.843940019607544,16.0,0.32563504576683044,1716225,0.0001,0.4962,314230,None,0.5,mean,naf,wordpiece,128,100,0.26,256,0.0001,min,0.0001,<class 'torch.optim.lr_scheduler.ReduceLROnPlateau'>,epoch,0.0001,0,679,50000,4,2,5000,<class 'torch.optim.adam.Adam'>,50000,unique-cod-882,/home/onyxia/work/insee_internship/src/train.py,LOCAL,c4294fec3a298cb08aabcffb4340f9a0e5ac1078,projet-text-classif,FastText + Label Attention
974da63b6d36466084d08cbae955a6d1,13,FINISHED,mlflow-artifacts:/13/974da63b6d36466084d08cbae955a6d1/artifacts,2026-07-02 13:22:32.700000+00:00,2026-07-02 16:22:39.493000+00:00,0.5105607509613037,0.6349856853485107,10611.7,0.8924195766448975,0.8457,0.843559980392456,10.0,0.3247033953666687,2420737,0.0001,0.4908,314230,None,0.5,mean,naf,wordpiece,128,100,0.26,512,0.0001,min,0.0001,<class 'torch.optim.lr_scheduler.ReduceLROnPlateau'>,epoch,0.0001,0,679,50000,4,2,2000,<class 'torch.optim.adam.Adam'>,50000,kindly-penguin-67,/home/onyxia/work/insee_internship/src/train.py,LOCAL,c4294fec3a298cb08aabcffb4340f9a0e5ac1078,projet-text-classif,FastText + Label Attention
46c4164dd4604d2ab0669aceda59536c,13,FINISHED,mlflow-artifacts:/13/46c4164dd4604d2ab0669aceda59536c/artifacts,2026-07-02 21:20:55.281000+00:00,2026-07-02 22:23:12.080000+00:00,0.32984036207199097,0.6438933610916138,3564.9,0.8925595879554749,0.845,0.840179979801178,9.0,0.319609135389328,1716225,0.0005,0.5136,314230,None,0.5,mean,naf,wordpiece,128,100,0.26,256,0.0005,min,0.0005,<class 'torch.optim.lr_scheduler.ReduceLROnPlateau'>,epoch,0.0001,0,679,50000,4,2,5000,<class 'torch.optim.adam.Adam'>,50000,abundant-mouse-890,/home/onyxia/work/insee_internship/src/train.py,LOCAL,c4294fec3a298cb08aabcffb4340f9a0e5ac1078,projet-text-classif,FastText + Label Attention
932be46aa2d3440e9abe671f6b4fb832,13,FINISHED,mlflow-artifacts:/13/932be46aa2d3440e9abe671f6b4fb832/artifacts,2026-07-02 17:49:36.149000+00:00,2026-07-02 19:13:52.775000+00:00,0.27930116653442383,0.6458855867385864,4871.0,0.8875441551208496,0.8427,0.838699996471405,24.0,0.3660694658756256,792577,0.0001,0.4713,314230,None,0.5,mean,naf,wordpiece,128,100,0.26,128,0.0001,min,0.0001,<class 'torch.optim.lr_scheduler.ReduceLROnPlateau'>,epoch,0.0001,0,679,50000,4,2,5000,<class 'torch.optim.adam.Adam'>,50000,tasteful-koi-714,/home/onyxia/work/insee_internship/src/train.py,LOCAL,c4294fec3a298cb08aabcffb4340f9a0e5ac1078,projet-text-classif,FastText + Label Attention
e3285f94b71a4acb8cc4be104b13a945,13,FINISHED,mlflow-artifacts:/13/e3285f94b71a4acb8cc4be104b13a945/artifacts,2026-07-03 07:49:25.482000+00:00,2026-07-03 08:59:21.470000+00:00,0.3282250463962555,0.6463342905044556,4021.8,0.9018967151641846,0.8433,0.8386200070381165,10.0,0.2987208068370819,5556225,0.0005,0.5149,314230,None,0.5,mean,naf,wordpiece,128,100,0.26,256,0.0005,min,0.0005,<class 'torch.optim.lr_scheduler.ReduceLROnPlateau'>,epoch,0.0001,0,679,50000,4,2,20000,<class 'torch.optim.adam.Adam'>,50000,unique-mare-784,/home/onyxia/work/insee_internship/src/train.py,LOCAL,c4294fec3a298cb08aabcffb4340f9a0e5ac1078,projet-text-classif,FastText + Label Attention
a33d359bed934c68a6fe19e1d4a65724,13,FINISHED,mlflow-artifacts:/13/a33d359bed934c68a6fe19e1d4a65724/artifacts,2026-07-02 20:47:07.807000+00:00,2026-07-02 21:17:44.269000+00:00,0.29266679286956787,0.6470870971679688,1652.8,0.8907265663146973,0.8431,0.8393599987030029,15.0,0.34043094515800476,379905,0.0005,0.489,314230,None,0.5,mean,naf,wordpiece,128,100,0.26,64,0.0005,min,0.0005,<class 'torch.optim.lr_scheduler.ReduceLROnPlateau'>,epoch,0.0001,0,679,50000,4,2,5000,<class 'torch.optim.adam.Adam'>,50000,handsome-deer-485,/home/onyxia/work/insee_internship/src/train.py,LOCAL,c4294fec3a298cb08aabcffb4340f9a0e5ac1078,projet-text-classif,FastText + Label Attention
d10390ee46fe4f539000c43e01828c5b,13,FINISHED,mlflow-artifacts:/13/d10390ee46fe4f539000c43e01828c5b/artifacts,2026-07-02 23:30:28.114000+00:00,2026-07-03 00:05:51.955000+00:00,0.33936911821365356,0.6474280953407288,1938.7,0.8971104025840759,0.8414,0.840499997138977,9.0,0.31330859661102295,1432577,0.0005,0.4782,314230,None,0.5,mean,naf,wordpiece,128,100,0.26,128,0.0005,min,0.0005,<class 'torch.optim.lr_scheduler.ReduceLROnPlateau'>,epoch,0.0001,0,679,50000,4,2,10000,<class 'torch.optim.adam.Adam'>,50000,peaceful-crow-528,/home/onyxia/work/insee_internship/src/train.py,LOCAL,c4294fec3a298cb08aabcffb4340f9a0e5ac1078,projet-text-classif,FastText + Label Attention
6a6e07166a474fc58b1bc5f3e3299768,13,FINISHED,mlflow-artifacts:/13/6a6e07166a474fc58b1bc5f3e3299768/artifacts,2026-07-03 03:12:07.827000+00:00,2026-07-03 03:47:36.719000+00:00,0.4612964987754822,0.65052729845047,1944.6,0.8999426960945129,0.8382,0.8410400152206421,9.0,0.307911217212677,2712577,0.0005,0.4769,314230,None,0.5,mean,naf,wordpiece,128,100,0.26,128,0.0005,min,0.0005,<class 'torch.optim.lr_scheduler.ReduceLROnPlateau'>,epoch,0.0001,0,679,50000,4,2,20000,<class 'torch.optim.adam.Adam'>,50000,placid-auk-32,/home/onyxia/work/insee_internship/src/train.py,LOCAL,c4294fec3a298cb08aabcffb4340f9a0e5ac1078,projet-text-classif,FastText + Label Attention
1529e6abbdf844049dda9187d043a9e5,13,FINISHED,mlflow-artifacts:/13/1529e6abbdf844049dda9187d043a9e5/artifacts,2026-07-02 19:17:46.374000+00:00,2026-07-02 20:20:36.486000+00:00,0.3409947454929352,0.664402961730957,3574.8,0.8818508982658386,0.8383,0.8353400230407715,38.0,0.401584655046463,379905,0.0001,0.4689,314230,None,0.5,mean,naf,wordpiece,128,100,0.26,64,0.0001,min,0.0001,<class 'torch.optim.lr_scheduler.ReduceLROnPlateau'>,epoch,0.0001,0,679,50000,4,2,5000,<class 'torch.optim.adam.Adam'>,50000,classy-gnat-743,/home/onyxia/work/insee_internship/src/train.py,LOCAL,c4294fec3a298cb08aabcffb4340f9a0e5ac1078,projet-text-classif,FastText + Label Attention
9d57ea78e84445c9a42114fcf29b1e41,13,FINISHED,mlflow-artifacts:/13/9d57ea78e84445c9a42114fcf29b1e41/artifacts,2026-07-03 00:40:41.539000+00:00,2026-07-03 01:06:24.501000+00:00,0.2534984350204468,0.6675540804862976,1356.6,0.8951850533485413,0.8365,0.8371400237083435,12.0,0.3264477252960205,699905,0.0005,0.4671,314230,None,0.5,mean,naf,wordpiece,128,100,0.26,64,0.0005,min,0.0005,<class 'torch.optim.lr_scheduler.ReduceLROnPlateau'>,epoch,0.0001,0,679,50000,4,2,10000,<class 'torch.optim.adam.Adam'>,50000,polite-carp-259,/home/onyxia/work/insee_internship/src/train.py,LOCAL,c4294fec3a298cb08aabcffb4340f9a0e5ac1078,projet-text-classif,FastText + Label Attention
972af0c53ed34877ab8ee4275296a457,13,FINISHED,mlflow-artifacts:/13/972af0c53ed34877ab8ee4275296a457/artifacts,2026-07-04 05:30:53.814000+00:00,2026-07-04 08:34:00.373000+00:00,0.30227068066596985,0.6709458827972412,10795.4,0.9019666910171509,0.8438,0.8421000242233276,10.0,0.2964995205402374,11636737,0.0001,0.4878,314230,None,0.5,mean,naf,wordpiece,128,100,0.26,512,0.0001,min,0.0001,<class 'torch.optim.lr_scheduler.ReduceLROnPlateau'>,epoch,0.0001,0,679,50000,4,2,20000,<class 'torch.optim.adam.Adam'>,50000,gentle-hare-839,/home/onyxia/work/insee_internship/src/train.py,LOCAL,c4294fec3a298cb08aabcffb4340f9a0e5ac1078,projet-text-classif,FastText + Label Attention
94e8635adea040d3aebae3abb1095769,13,FINISHED,mlflow-artifacts:/13/94e8635adea040d3aebae3abb1095769/artifacts,2026-07-03 02:32:49.114000+00:00,2026-07-03 05:32:13.592000+00:00,0.28443771600723267,0.6726204752922058,10569.1,0.8994590044021606,0.8428,0.8393800258636475,10.0,0.3041364550590515,3956737,0.0001,0.4977,314230,None,0.5,mean,naf,wordpiece,128,100,0.26,512,0.0001,min,0.0001,<class 'torch.optim.lr_scheduler.ReduceLROnPlateau'>,epoch,0.0001,0,679,50000,4,2,5000,<class 'torch.optim.adam.Adam'>,50000,adorable-chimp-402,/home/onyxia/work/insee_internship/src/train.py,LOCAL,c4294fec3a298cb08aabcffb4340f9a0e5ac1078,projet-text-classif,FastText + Label Attention
2f08b3f906ce4e72814dc1714fee62ec,13,FINISHED,mlflow-artifacts:/13/2f08b3f906ce4e72814dc1714fee62ec/artifacts,2026-07-03 00:33:25.039000+00:00,2026-07-03 02:05:58.270000+00:00,0.30438491702079773,0.6759006381034851,5374.8,0.8981415033340454,0.8408,0.8369399905204773,14.0,0.3242238461971283,2996225,0.0001,0.4771,314230,None,0.5,mean,naf,wordpiece,128,100,0.26,256,0.0001,min,0.0001,<class 'torch.optim.lr_scheduler.ReduceLROnPlateau'>,epoch,0.0001,0,679,50000,4,2,10000,<class 'torch.optim.adam.Adam'>,50000,rambunctious-pug-253,/home/onyxia/work/insee_internship/src/train.py,LOCAL,c4294fec3a298cb08aabcffb4340f9a0e5ac1078,projet-text-classif,FastText + Label Attention
8f7711dec89a4f70a89fa9c6b146e275,13,FINISHED,mlflow-artifacts:/13/8f7711dec89a4f70a89fa9c6b146e275/artifacts,2026-07-02 21:57:11.243000+00:00,2026-07-02 23:11:51.719000+00:00,0.3825817108154297,0.6867992281913757,4204.9,0.8969926238059998,0.8398,0.8349999785423279,21.0,0.33884263038635254,1432577,0.0001,0.4737,314230,None,0.5,mean,naf,wordpiece,128,100,0.26,128,0.0001,min,0.0001,<class 'torch.optim.lr_scheduler.ReduceLROnPlateau'>,epoch,0.0001,0,679,50000,4,2,10000,<class 'torch.optim.adam.Adam'>,50000,industrious-ape-37,/home/onyxia/work/insee_internship/src/train.py,LOCAL,c4294fec3a298cb08aabcffb4340f9a0e5ac1078,projet-text-classif,FastText + Label Attention
337e4dbcc9294bbda4da3546de6799d1,13,FINISHED,mlflow-artifacts:/13/337e4dbcc9294bbda4da3546de6799d1/artifacts,2026-07-03 15:43:15.917000+00:00,2026-07-03 19:00:15.434000+00:00,0.3161942958831787,0.6892418265342712,11629.2,0.9098590016365051,0.8442,0.8422399759292603,11.0,0.26899823546409607,6516737,0.0001,0.4931,314230,None,0.5,mean,naf,wordpiece,128,100,0.26,512,0.0001,min,0.0001,<class 'torch.optim.lr_scheduler.ReduceLROnPlateau'>,epoch,0.0001,0,679,50000,4,2,10000,<class 'torch.optim.adam.Adam'>,50000,placid-hare-24,/home/onyxia/work/insee_internship/src/train.py,LOCAL,c4294fec3a298cb08aabcffb4340f9a0e5ac1078,projet-text-classif,FastText + Label Attention
362d0202020b41beacdb19d4b0b89bc7,13,FINISHED,mlflow-artifacts:/13/362d0202020b41beacdb19d4b0b89bc7/artifacts,2026-07-03 03:54:22.648000+00:00,2026-07-03 04:25:41.992000+00:00,0.3093457818031311,0.6951496005058289,1676.2,0.9052000045776367,0.8384,0.8377799987792969,15.0,0.28994277119636536,1339905,0.0005,0.497,314230,None,0.5,mean,naf,wordpiece,128,100,0.26,64,0.0005,min,0.0005,<class 'torch.optim.lr_scheduler.ReduceLROnPlateau'>,epoch,0.0001,0,679,50000,4,2,20000,<class 'torch.optim.adam.Adam'>,50000,funny-shrew-15,/home/onyxia/work/insee_internship/src/train.py,LOCAL,c4294fec3a298cb08aabcffb4340f9a0e5ac1078,projet-text-classif,FastText + Label Attention
255b040954974542954c5345c1edddd1,13,FINISHED,mlflow-artifacts:/13/255b040954974542954c5345c1edddd1/artifacts,2026-07-03 05:58:02.258000+00:00,2026-07-03 07:29:29.912000+00:00,0.31339627504348755,0.7159289121627808,5310.1,0.9061388373374939,0.8426,0.8349199891090393,14.0,0.2982672452926636,5556225,0.0001,0.4694,314230,None,0.5,mean,naf,wordpiece,128,100,0.26,256,0.0001,min,0.0001,<class 'torch.optim.lr_scheduler.ReduceLROnPlateau'>,epoch,0.0001,0,679,50000,4,2,20000,<class 'torch.optim.adam.Adam'>,50000,sneaky-zebra-554,/home/onyxia/work/insee_internship/src/train.py,LOCAL,c4294fec3a298cb08aabcffb4340f9a0e5ac1078,projet-text-classif,FastText + Label Attention
8ac067fec340404abf09eb845deb96ea,13,FINISHED,mlflow-artifacts:/13/8ac067fec340404abf09eb845deb96ea/artifacts,2026-07-02 23:17:54.679000+00:00,2026-07-03 00:17:31.338000+00:00,0.604644775390625,0.7228930592536926,3386.8,0.8927600979804993,0.835,0.8301200270652771,31.0,0.37453511357307434,699905,0.0001,0.4617,314230,None,0.5,mean,naf,wordpiece,128,100,0.26,64,0.0001,min,0.0001,<class 'torch.optim.lr_scheduler.ReduceLROnPlateau'>,epoch,0.0001,0,679,50000,4,2,10000,<class 'torch.optim.adam.Adam'>,50000,caring-panda-935,/home/onyxia/work/insee_internship/src/train.py,LOCAL,c4294fec3a298cb08aabcffb4340f9a0e5ac1078,projet-text-classif,FastText + Label Attention
a2b5a0eb62484880b52e283bbe1ecfff,13,FINISHED,mlflow-artifacts:/13/a2b5a0eb62484880b52e283bbe1ecfff/artifacts,2026-07-03 01:49:04.144000+00:00,2026-07-03 02:53:49.025000+00:00,0.20565935969352722,0.7254476547241211,3701.2,0.897555947303772,0.8341,0.8306999802589417,18.0,0.3464379608631134,2712577,0.0001,0.4478,314230,None,0.5,mean,naf,wordpiece,128,100,0.26,128,0.0001,min,0.0001,<class 'torch.optim.lr_scheduler.ReduceLROnPlateau'>,epoch,0.0001,0,679,50000,4,2,20000,<class 'torch.optim.adam.Adam'>,50000,beautiful-eel-453,/home/onyxia/work/insee_internship/src/train.py,LOCAL,c4294fec3a298cb08aabcffb4340f9a0e5ac1078,projet-text-classif,FastText + Label Attention
59c0eb77736945789bd3084ef2d615c4,13,FINISHED,mlflow-artifacts:/13/59c0eb77736945789bd3084ef2d615c4/artifacts,2026-07-03 02:48:01.596000+00:00,2026-07-03 03:32:17.985000+00:00,0.5291962623596191,0.7813445329666138,2452.0,0.8898354768753052,0.8245,0.8239200115203857,24.0,0.401498943567276,1339905,0.0001,0.42,314230,None,0.5,mean,naf,wordpiece,128,100,0.26,64,0.0001,min,0.0001,<class 'torch.optim.lr_scheduler.ReduceLROnPlateau'>,epoch,0.0001,0,679,50000,4,2,20000,<class 'torch.optim.adam.Adam'>,50000,righteous-mink-61,/home/onyxia/work/insee_internship/src/train.py,LOCAL,c4294fec3a298cb08aabcffb4340f9a0e5ac1078,projet-text-classif,FastText + Label Attention
